OrderID,OrderDate,ProductID,UnitPrice,Quantity,Discount
10248,2007-01-30,11,28.62,12,0.0
10248,2007-01-30,42,14.04,10,0.0
10248,2007-01-30,72,12.71,5,0.0
10249,2006-01-29,14,22.8,9,0.0
10249,2006-01-29,51,101.2,40,0.0
10250,2007-02-03,41,9.59,10,0.0
10250,2007-02-03,51,97.67,35,0.1500000059604644
10250,2007-02-03,65,9.47,15,0.1500000059604644
10251,2006-07-04,22,3.39,6,0.050000000745058
10251,2006-07-04,57,21.12,15,0.050000000745058
10251,2006-07-04,65,9.26,20,0.0
10252,2006-11-05,20,75.93,40,0.050000000745058
10252,2006-11-05,33,23.64,25,0.050000000745058
10252,2006-11-05,60,4.55,40,0.0
10253,2007-02-05,31,8.28,20,0.0
10253,2007-02-05,39,57.95,42,0.0
10253,2007-02-05,49,19.91,40,0.0
10254,2005-08-08,24,4.52,15,0.1500000059604644
10254,2005-08-08,55,40.76,21,0.1500000059604644
10254,2005-08-08,74,29.4,21,0.0
10255,2007-01-08,2,17.12,20,0.0
10255,2007-01-08,16,9.17,35,0.0
10255,2007-01-08,36,7.77,25,0.0
10255,2007-01-08,59,7.83,30,0.0
10256,2006-02-08,53,60.53,15,0.0
10256,2006-02-08,77,13.5,12,0.0
10257,2006-02-09,27,43.09,25,0.0
10257,2006-02-09,39,54.84,6,0.0
10257,2006-02-09,77,12.84,15,0.0
10258,2007-02-12,2,20.02,50,0.2000000029802322
10258,2007-02-12,5,6.13,65,0.2000000029802322
10258,2007-02-12,32,19.35,6,0.2000000029802322
10259,2005-02-12,21,10.14,10,0.0
10259,2005-02-12,37,4.37,1,0.0
10260,2006-07-15,41,10.02,16,0.25
10260,2006-07-15,57,18.58,50,0.0
10260,2006-07-15,62,28.82,15,0.25
10260,2006-07-15,70,29.37,21,0.25
10261,2007-02-14,21,10.01,20,0.0
10261,2007-02-14,35,6.56,20,0.0
10262,2003-12-18,5,5.58,12,0.2000000029802322
10262,2003-12-18,7,38.3,15,0.0
10262,2003-12-18,56,34.55,2,0.0
10263,2007-02-18,16,9.46,60,0.25
10263,2007-02-18,24,4.09,28,0.0
10263,2007-02-18,30,26.57,60,0.25
10263,2007-02-18,74,27.87,36,0.25
10264,2006-02-17,2,20.55,35,0.0
10264,2006-02-17,41,9.55,25,0.1500000059604644
10265,2006-02-18,17,23.9,30,0.0
10265,2006-02-18,70,27.81,20,0.0
10266,2007-02-21,12,10.16,12,0.050000000745058
10267,2006-08-25,40,18.71,50,0.0
10267,2006-08-25,59,8.66,70,0.1500000059604644
10267,2006-08-25,76,368.51,15,0.1500000059604644
10268,2004-02-25,29,117.3,10,0.0
10268,2004-02-25,72,12.64,4,0.0
10269,2004-11-26,33,27.4,60,0.050000000745058
10269,2004-11-26,72,12.17,20,0.050000000745058
10270,2007-02-27,36,7.78,30,0.0
10270,2007-02-27,43,13.06,25,0.0
10271,2004-07-09,33,24.06,24,0.0
10272,2004-12-28,20,88.25,6,0.0
10272,2004-12-28,31,7.81,40,0.0
10272,2004-12-28,72,11.76,24,0.0
10273,2006-05-01,10,6.88,24,0.050000000745058
10273,2006-05-01,31,8.95,15,0.050000000745058
10273,2006-05-01,33,25.45,20,0.0
10273,2006-05-01,40,19.35,60,0.050000000745058
10273,2006-05-01,76,412.16,33,0.050000000745058
10274,2007-03-04,71,31.17,20,0.0
10274,2007-03-04,72,11.99,7,0.0
10275,2006-03-03,24,4.12,12,0.050000000745058
10275,2006-03-03,59,8.92,6,0.050000000745058
10276,2004-05-05,10,6.92,15,0.0
10276,2004-05-05,13,27.45,10,0.0
10277,2007-03-07,28,44.48,20,0.0
10277,2007-03-07,62,30.08,12,0.0
10278,2004-03-09,44,80.78,16,0.0
10278,2004-03-09,59,8.57,15,0.0
10278,2004-03-09,63,21.02,8,0.0
10278,2004-03-09,73,1.07,25,0.0
10279,2006-03-09,17,27.02,15,0.25
10280,2004-07-11,24,4.25,12,0.0
10280,2004-07-11,55,42.47,20,0.0
10280,2004-07-11,75,7.21,30,0.0
10281,2006-03-10,19,9.9,1,0.0
10281,2006-03-10,24,4.18,6,0.0
10281,2006-03-10,35,6.37,4,0.0
10282,2006-03-11,30,26.38,6,0.0
10282,2006-03-11,57,21.02,2,0.0
10283,2007-03-14,15,6.53,20,0.0
10283,2007-03-14,19,9.18,18,0.0
10283,2007-03-14,60,5.18,35,0.0
10283,2007-03-14,72,11.66,3,0.0
10284,2006-03-15,27,43.03,15,0.25
10284,2006-03-15,44,68.37,21,0.0
10284,2006-03-15,60,4.73,20,0.25
10284,2006-03-15,67,64.07,5,0.25
10285,2005-03-17,1,19.72,45,0.2000000029802322
10285,2005-03-17,40,17.22,40,0.2000000029802322
10285,2005-03-17,53,60.96,36,0.2000000029802322
10286,2004-01-17,35,6.06,100,0.0
10286,2004-01-17,62,30.28,40,0.0
10287,2004-01-18,16,8.88,40,0.1500000059604644
10287,2004-01-18,34,7.67,20,0.0
10287,2004-01-18,46,12.23,15,0.1500000059604644
10288,2006-03-19,54,33.62,10,0.1000000014901161
10288,2006-03-19,68,11.76,3,0.1000000014901161
10289,2006-03-22,3,20.54,30,0.0
10289,2006-03-22,64,35.6,9,0.0
10290,2007-03-25,5,6.57,20,0.0
10290,2007-03-25,29,126.03,15,0.0
10290,2007-03-25,49,19.66,15,0.0
10290,2007-03-25,77,13.49,10,0.0
10291,2004-03-24,13,23.03,20,0.1000000014901161
10291,2004-03-24,44,82.68,24,0.1000000014901161
10291,2004-03-24,51,106.56,2,0.1000000014901161
10292,2006-03-24,20,84.07,20,0.0
10293,2007-01-25,18,27.38,12,0.0
10293,2007-01-25,24,4.11,10,0.0
10293,2007-01-25,63,21.06,5,0.0
10293,2007-01-25,75,7.6,6,0.0
10294,2006-11-26,1,21.66,18,0.0
10294,2006-11-26,17,24.62,15,0.0
10294,2006-11-26,43,12.9,15,0.0
10294,2006-11-26,60,4.56,21,0.0
10294,2006-11-26,75,8.22,6,0.0
10295,2007-03-31,56,34.84,4,0.0
10296,2004-02-02,11,26.62,12,0.0
10296,2004-02-02,16,9.36,30,0.0
10296,2004-02-02,69,1.89,15,0.0
10297,2006-11-30,39,59.35,60,0.0
10297,2006-11-30,72,11.95,20,0.0
10298,2004-04-02,2,17.54,40,0.0
10298,2004-04-02,36,7.34,40,0.25
10298,2004-04-02,59,9.15,30,0.25
10298,2004-04-02,62,28.0,15,0.0
10299,2006-04-02,19,9.17,15,0.0
10299,2006-04-02,70,29.08,20,0.0
10300,2004-04-06,66,19.89,30,0.0
10300,2004-04-06,68,11.27,20,0.0
10301,2006-04-05,40,18.33,10,0.0
10301,2006-04-05,56,39.17,20,0.0
10302,2004-11-05,17,25.65,40,0.0
10302,2004-11-05,28,42.81,28,0.0
10302,2004-11-05,43,10.82,12,0.0
10303,2006-11-07,40,17.62,40,0.1000000014901161
10303,2006-11-07,65,10.78,30,0.1000000014901161
10303,2006-11-07,68,12.77,15,0.1000000014901161
10304,2005-11-06,49,19.79,30,0.0
10304,2005-11-06,59,7.91,10,0.0
10304,2005-11-06,71,29.76,2,0.0
10305,2007-04-11,18,27.56,25,0.1000000014901161
10305,2007-04-11,29,113.94,25,0.1000000014901161
10305,2007-04-11,39,57.25,30,0.1000000014901161
10306,2007-07-14,30,28.02,10,0.0
10306,2007-07-14,53,61.11,10,0.0
10306,2007-07-14,54,37.88,5,0.0
10307,2005-04-14,62,27.27,10,0.0
10307,2005-04-14,68,12.82,3,0.0
10308,2006-04-14,69,2.12,1,0.0
10308,2006-04-14,70,29.55,5,0.0
10309,2005-10-13,4,21.64,20,0.0
10309,2005-10-13,6,3.69,30,0.0
10309,2005-10-13,42,13.62,2,0.0
10309,2005-10-13,43,11.87,20,0.0
10309,2005-10-13,71,29.76,3,0.0
10310,2004-11-15,16,8.53,10,0.0
10310,2004-11-15,62,32.19,5,0.0
10311,2007-04-18,42,14.93,6,0.0
10311,2007-04-18,69,1.98,7,0.0
10312,2005-11-17,28,49.17,4,0.0
10312,2005-11-17,43,13.11,24,0.0
10312,2005-11-17,53,63.23,20,0.0
10312,2005-11-17,75,7.63,10,0.0
10313,2006-04-20,36,8.47,12,0.0
10314,2005-11-19,32,19.88,40,0.1000000014901161
10314,2005-11-19,58,43.97,30,0.1000000014901161
10314,2005-11-19,62,31.43,25,0.1000000014901161
10315,2005-12-20,34,8.38,14,0.0
10315,2005-12-20,70,29.13,30,0.0
10316,2005-04-24,41,8.96,10,0.0
10316,2005-04-24,62,29.33,70,0.0
10317,2004-11-25,1,18.12,20,0.0
10318,2007-04-29,41,9.56,20,0.0
10318,2007-04-29,76,369.16,6,0.0
10319,2005-08-29,17,26.23,8,0.0
10319,2005-08-29,28,48.77,14,0.0
10319,2005-08-29,76,403.97,30,0.0
10320,2006-04-29,71,31.42,30,0.0
10321,2006-11-29,35,5.43,10,0.0
10322,2007-05-02,52,78.02,20,0.0
10323,2004-07-04,15,6.12,5,0.0
10323,2004-07-04,25,14.34,4,0.0
10323,2004-07-04,39,61.21,4,0.0
10324,2005-12-02,16,8.77,21,0.1500000059604644
10324,2005-12-02,35,5.62,70,0.1500000059604644
10324,2005-12-02,46,12.15,30,0.0
10324,2005-12-02,59,8.31,40,0.1500000059604644
10324,2005-12-02,63,20.59,80,0.1500000059604644
10325,2004-12-04,6,3.71,6,0.0
10325,2004-12-04,13,23.09,12,0.0
10325,2004-12-04,14,21.14,9,0.0
10325,2004-12-04,31,7.8,4,0.0
10325,2004-12-04,72,10.96,40,0.0
10326,2006-05-06,4,19.84,24,0.0
10326,2006-05-06,57,17.94,16,0.0
10326,2006-05-06,75,8.12,50,0.0
10327,2004-07-08,2,19.22,25,0.2000000029802322
10327,2004-07-08,11,29.1,50,0.2000000029802322
10327,2004-07-08,30,24.02,35,0.2000000029802322
10327,2004-07-08,58,43.97,30,0.2000000029802322
10328,2006-01-08,59,8.39,9,0.0
10328,2006-01-08,65,10.36,40,0.0
10328,2006-01-08,68,12.13,10,0.0
10329,2004-07-12,19,8.5,10,0.050000000745058
10329,2004-07-12,30,24.61,8,0.050000000745058
10329,2004-07-12,38,77.36,20,0.050000000745058
10329,2004-07-12,56,40.13,12,0.050000000745058
10330,2006-07-12,26,32.74,50,0.1500000059604644
10330,2006-07-12,72,10.84,25,0.1500000059604644
10331,2006-05-12,54,37.97,15,0.0
10332,2007-05-15,18,24.82,40,0.2000000029802322
10332,2007-05-15,42,15.13,10,0.2000000029802322
10332,2007-05-15,47,24.57,16,0.2000000029802322
10333,2006-11-14,14,24.87,10,0.0
10333,2006-11-14,21,10.5,10,0.1000000014901161
10333,2006-11-14,71,31.01,40,0.1000000014901161
10334,2006-02-14,52,72.76,8,0.0
10334,2006-02-14,68,12.74,10,0.0
10335,2005-11-16,2,19.51,7,0.2000000029802322
10335,2005-11-16,31,8.48,25,0.2000000029802322
10335,2005-11-16,32,18.64,6,0.2000000029802322
10335,2005-11-16,51,104.29,48,0.2000000029802322
10336,2006-05-19,4,23.23,18,0.1000000014901161
10337,2003-11-20,23,9.0,40,0.0
10337,2003-11-20,26,33.55,24,0.0
10337,2003-11-20,36,7.99,20,0.0
10337,2003-11-20,37,3.9,28,0.0
10337,2003-11-20,72,12.03,25,0.0
10338,2004-05-22,17,26.24,20,0.0
10338,2004-05-22,30,25.4,15,0.0
10339,2004-05-25,4,21.32,10,0.0
10339,2004-05-25,17,24.46,70,0.050000000745058
10339,2004-05-25,62,30.61,28,0.0
10340,2005-12-23,18,24.3,20,0.050000000745058
10340,2005-12-23,41,9.13,12,0.050000000745058
10340,2005-12-23,43,11.93,40,0.050000000745058
10341,2007-05-27,33,26.45,8,0.0
10341,2007-05-27,59,8.27,9,0.1500000059604644
10342,2007-05-28,2,19.66,24,0.2000000029802322
10342,2007-05-28,31,8.72,56,0.2000000029802322
10342,2007-05-28,36,7.56,40,0.2000000029802322
10342,2007-05-28,55,37.52,40,0.2000000029802322
10343,2004-08-28,64,33.95,50,0.0
10343,2004-08-28,68,11.55,4,0.050000000745058
10343,2004-08-28,76,390.82,15,0.0
10344,2004-05-29,4,20.78,35,0.0
10344,2004-05-29,8,19.4,70,0.25
10345,2007-07-01,8,20.46,70,0.0
10345,2007-07-01,19,10.08,80,0.0
10345,2007-07-01,42,15.19,9,0.0
10346,2006-06-01,17,24.71,36,0.1000000014901161
10346,2006-06-01,56,40.51,20,0.0
10347,2004-06-03,25,13.21,10,0.0
10347,2004-06-03,39,58.72,50,0.1500000059604644
10347,2004-06-03,40,17.0,4,0.0
10347,2004-06-03,75,7.75,6,0.1500000059604644
10348,2006-12-03,1,19.41,15,0.1500000059604644
10348,2006-12-03,23,9.23,25,0.0
10349,2006-06-04,54,34.18,24,0.0
10350,2004-07-08,50,16.49,15,0.1000000014901161
10350,2004-07-08,69,1.83,18,0.1000000014901161
10351,2004-06-08,38,75.04,20,0.050000000745058
10351,2004-06-08,41,10.42,13,0.0
10351,2004-06-08,44,73.74,77,0.050000000745058
10351,2004-06-08,65,10.08,10,0.050000000745058
10352,2007-07-10,24,4.73,10,0.0
10352,2007-07-10,54,37.9,20,0.1500000059604644
10353,2007-06-11,11,29.75,12,0.2000000029802322
10353,2007-06-11,38,75.4,50,0.2000000029802322
10354,2006-12-10,1,21.65,12,0.0
10354,2006-12-10,29,130.34,4,0.0
10355,2006-11-11,24,4.66,25,0.0
10355,2006-11-11,57,17.7,25,0.0
10356,2005-08-15,31,9.22,30,0.0
10356,2005-08-15,55,40.65,12,0.0
10356,2005-08-15,69,2.05,20,0.0
10357,2004-01-15,10,6.51,30,0.2000000029802322
10357,2004-01-15,26,29.44,16,0.0
10357,2004-01-15,60,4.86,8,0.2000000029802322
10358,2006-11-16,24,4.24,10,0.050000000745058
10358,2006-11-16,34,8.26,10,0.050000000745058
10358,2006-11-16,36,7.61,20,0.050000000745058
10359,2005-12-15,16,10.24,56,0.050000000745058
10359,2005-12-15,31,8.7,70,0.050000000745058
10359,2005-12-15,60,5.46,80,0.050000000745058
10360,2006-08-18,28,42.07,30,0.0
10360,2006-08-18,29,135.76,35,0.0
10360,2006-08-18,38,80.74,10,0.0
10360,2006-08-18,49,18.29,35,0.0
10360,2006-08-18,54,36.73,28,0.0
10361,2007-07-01,39,60.54,54,0.1000000014901161
10361,2007-07-01,60,4.67,55,0.1000000014901161
10362,2004-06-22,25,15.04,50,0.0
10362,2004-06-22,51,109.79,20,0.0
10362,2004-06-22,54,37.07,24,0.0
10363,2006-09-22,31,9.3,20,0.0
10363,2006-09-22,75,8.06,12,0.0
10363,2006-09-22,76,432.53,12,0.0
10364,2004-06-23,69,2.05,30,0.0
10364,2004-06-23,71,29.73,5,0.0
10365,2004-06-24,11,29.48,24,0.0
10366,2004-06-25,65,9.12,5,0.0
10366,2004-06-25,77,12.71,5,0.0
10367,2006-09-24,34,7.56,36,0.0
10367,2006-09-24,54,37.37,18,0.0
10367,2006-09-24,65,9.41,15,0.0
10367,2006-09-24,77,14.23,7,0.0
10368,2004-06-26,21,10.53,5,0.1000000014901161
10368,2004-06-26,28,47.47,13,0.1000000014901161
10368,2004-06-26,57,18.05,25,0.0
10368,2004-06-26,64,32.34,35,0.1000000014901161
10369,2004-06-29,29,117.78,20,0.0
10369,2004-06-29,56,39.42,18,0.25
10370,2004-11-28,1,21.56,15,0.1500000059604644
10370,2004-11-28,64,34.02,30,0.0
10370,2004-11-28,74,32.64,20,0.1500000059604644
10371,2004-06-30,36,7.77,6,0.2000000029802322
10372,2007-03-02,20,81.24,12,0.25
10372,2007-03-02,38,77.94,40,0.25
10372,2007-03-02,60,5.3,70,0.25
10372,2007-03-02,72,10.75,42,0.25
10373,2007-07-03,58,53.07,80,0.2000000029802322
10373,2007-07-03,71,31.79,50,0.2000000029802322
10374,2004-01-01,31,9.11,30,0.0
10374,2004-01-01,58,51.57,15,0.0
10375,2004-07-03,14,21.59,15,0.0
10375,2004-07-03,54,32.95,10,0.0
10376,2006-02-02,31,7.74,42,0.050000000745058
10377,2004-07-06,28,41.18,20,0.1500000059604644
10377,2004-07-06,39,59.78,20,0.1500000059604644
10378,2006-07-06,71,28.19,6,0.0
10379,2004-07-12,41,9.33,8,0.1000000014901161
10379,2004-07-12,63,20.35,16,0.1000000014901161
10379,2004-07-12,65,10.0,20,0.1000000014901161
10380,2007-07-15,30,25.51,18,0.1000000014901161
10380,2007-07-15,53,60.96,20,0.1000000014901161
10380,2007-07-15,60,4.8,6,0.1000000014901161
10380,2007-07-15,70,27.15,30,0.0
10381,2004-07-19,74,30.59,14,0.0
10382,2004-07-20,5,5.62,32,0.0
10382,2004-07-20,18,26.78,9,0.0
10382,2004-07-20,29,129.38,14,0.0
10382,2004-07-20,33,27.49,60,0.0
10382,2004-07-20,74,27.21,50,0.0
10383,2006-11-21,13,26.18,20,0.0
10383,2006-11-21,50,15.43,15,0.0
10383,2006-11-21,56,41.32,20,0.0
10384,2004-07-27,20,86.51,28,0.0
10384,2004-07-27,60,5.32,15,0.0
10385,2006-12-29,7,36.13,10,0.2000000029802322
10385,2006-12-29,60,4.99,20,0.2000000029802322
10385,2006-12-29,68,13.65,8,0.2000000029802322
10386,2006-10-29,24,4.11,15,0.0
10386,2006-10-29,34,8.48,10,0.0
10387,2006-08-14,24,4.85,15,0.0
10387,2006-08-14,28,47.51,6,0.0
10387,2006-08-14,59,8.87,12,0.0
10387,2006-08-14,71,28.99,15,0.0
10388,2005-03-16,45,8.7,15,0.2000000029802322
10388,2005-03-16,52,82.65,20,0.2000000029802322
10388,2005-03-16,53,62.79,40,0.0
10389,2005-08-17,10,6.33,16,0.0
10389,2005-08-17,55,37.49,15,0.0
10389,2005-08-17,62,31.68,20,0.0
10389,2005-08-17,70,27.96,30,0.0
10390,2005-01-18,31,9.03,60,0.1000000014901161
10390,2005-01-18,35,6.56,40,0.1000000014901161
10390,2005-01-18,46,10.83,45,0.0
10390,2005-01-18,72,10.94,24,0.1000000014901161
10391,2005-07-20,13,23.12,18,0.0
10392,2005-07-21,69,2.09,50,0.0
10393,2005-02-19,2,19.17,25,0.25
10393,2005-02-19,14,21.83,42,0.25
10393,2005-02-19,25,14.42,7,0.25
10393,2005-02-19,26,31.42,70,0.25
10393,2005-02-19,31,8.05,32,0.0
10394,2005-07-22,13,27.04,10,0.0
10394,2005-07-22,62,26.67,10,0.0
10395,2005-07-23,46,11.62,28,0.1000000014901161
10395,2005-07-23,53,66.36,70,0.1000000014901161
10395,2005-07-23,69,1.87,8,0.0
10396,2007-02-22,23,8.6,40,0.0
10396,2007-02-22,71,29.67,60,0.0
10396,2007-02-22,72,10.96,21,0.0
10397,2007-03-23,21,10.71,10,0.1500000059604644
10397,2007-03-23,51,100.92,18,0.1500000059604644
10398,2005-05-27,35,5.45,30,0.0
10398,2005-05-27,55,37.39,120,0.1000000014901161
10399,2005-10-25,68,13.24,60,0.0
10399,2005-10-25,71,27.66,30,0.0
10399,2005-10-25,76,381.91,35,0.0
10399,2005-10-25,77,12.01,14,0.0
10400,2004-12-27,29,121.65,21,0.0
10400,2004-12-27,35,5.8,35,0.0
10400,2004-12-27,49,21.55,30,0.0
10401,2005-07-09,30,26.07,18,0.0
10401,2005-07-09,56,40.06,70,0.0
10401,2005-07-09,65,9.06,20,0.0
10401,2005-07-09,71,30.39,60,0.0
10402,2004-11-28,23,9.07,60,0.0
10402,2004-11-28,63,18.94,65,0.0
10403,2005-04-30,16,10.15,21,0.1500000059604644
10403,2005-04-30,48,31.83,70,0.1500000059604644
10404,2004-11-19,26,33.93,30,0.050000000745058
10404,2004-11-19,42,13.37,40,0.050000000745058
10404,2004-11-19,49,19.82,30,0.050000000745058
10405,2004-08-03,3,18.48,50,0.0
10406,2005-11-01,1,19.76,10,0.0
10406,2005-11-01,21,10.51,30,0.1000000014901161
10406,2005-11-01,28,47.34,42,0.1000000014901161
10406,2005-11-01,36,7.88,5,0.1000000014901161
10406,2005-11-01,40,18.93,2,0.1000000014901161
10407,2004-08-04,11,25.52,30,0.0
10407,2004-08-04,69,2.11,15,0.0
10407,2004-08-04,71,32.33,15,0.0
10408,2005-07-05,37,3.92,10,0.0
10408,2005-07-05,54,34.09,6,0.0
10408,2005-07-05,62,31.11,35,0.0
10409,2004-11-04,14,24.58,12,0.0
10409,2004-11-04,21,10.96,12,0.0
10410,2004-08-07,33,25.96,49,0.0
10410,2004-08-07,59,9.32,16,0.0
10411,2007-07-08,41,9.24,25,0.2000000029802322
10411,2007-07-08,44,68.72,40,0.2000000029802322
10411,2007-07-08,59,9.16,9,0.2000000029802322
10412,2005-01-08,14,25.49,20,0.1000000014901161
10413,2005-07-11,1,21.01,24,0.0
10413,2005-07-11,62,30.37,40,0.0
10413,2005-07-11,76,414.96,14,0.0
10414,2004-08-11,19,8.8,18,0.050000000745058
10414,2004-08-11,33,25.81,50,0.0
10415,2004-08-12,17,22.67,2,0.0
10415,2004-08-12,33,25.84,20,0.0
10416,2005-07-13,19,9.38,20,0.0
10416,2005-07-13,53,55.32,10,0.0
10416,2005-07-13,57,18.74,20,0.0
10417,2006-08-12,38,79.21,50,0.0
10417,2006-08-12,46,12.62,2,0.25
10417,2006-08-12,68,12.56,36,0.25
10417,2006-08-12,77,13.3,35,0.0
10418,2005-08-14,2,19.41,60,0.0
10418,2005-08-14,47,25.65,55,0.0
10418,2005-08-14,61,24.3,16,0.0
10418,2005-08-14,74,30.91,15,0.0
10419,2005-08-17,60,4.59,60,0.050000000745058
10419,2005-08-17,69,1.87,20,0.050000000745058
10420,2006-08-17,9,36.68,20,0.1000000014901161
10420,2006-08-17,13,26.88,2,0.1000000014901161
10420,2006-08-17,70,31.37,8,0.1000000014901161
10420,2006-08-17,73,1.08,20,0.1000000014901161
10421,2004-10-16,19,9.14,4,0.1500000059604644
10421,2004-10-16,26,31.86,30,0.0
10421,2004-10-16,53,55.9,15,0.1500000059604644
10421,2004-10-16,77,12.03,10,0.1500000059604644
10422,2004-08-19,26,28.33,2,0.0
10423,2005-01-18,31,7.69,14,0.0
10423,2005-01-18,59,8.92,20,0.0
10424,2006-01-17,35,5.55,60,0.2000000029802322
10424,2006-01-17,38,86.2,49,0.2000000029802322
10424,2006-01-17,68,12.52,30,0.2000000029802322
10425,2005-06-21,55,36.04,10,0.25
10425,2005-06-21,76,361.43,20,0.25
10426,2006-09-23,56,36.29,5,0.0
10426,2006-09-23,64,33.32,7,0.0
10427,2005-01-22,14,24.33,35,0.0
10428,2006-09-24,46,12.07,20,0.0
10429,2004-11-24,50,17.15,40,0.0
10429,2004-11-24,63,21.75,35,0.25
10430,2005-10-24,17,22.54,45,0.2000000029802322
10430,2005-10-24,21,10.26,50,0.0
10430,2005-10-24,56,36.25,30,0.0
10430,2005-10-24,59,8.56,70,0.2000000029802322
10431,2004-09-27,17,25.37,50,0.25
10431,2004-09-27,40,17.9,50,0.25
10431,2004-09-27,47,26.99,30,0.25
10432,2004-08-28,26,30.04,10,0.0
10432,2004-08-28,54,34.12,40,0.0
10433,2004-10-29,56,38.31,28,0.0
10434,2005-05-31,11,26.13,6,0.0
10434,2005-05-31,76,431.49,18,0.1500000059604644
10435,2004-09-29,2,20.05,10,0.0
10435,2004-09-29,22,3.75,12,0.0
10435,2004-09-29,72,12.6,10,0.0
10436,2005-09-29,46,12.85,5,0.0
10436,2005-09-29,56,37.76,40,0.1000000014901161
10436,2005-09-29,64,36.34,30,0.1000000014901161
10436,2005-09-29,75,7.18,24,0.1000000014901161
10437,2005-09-29,53,58.17,15,0.0
10438,2006-05-02,19,9.52,15,0.2000000029802322
10438,2006-05-02,34,7.48,20,0.2000000029802322
10438,2006-05-02,57,20.3,15,0.2000000029802322
10439,2004-12-02,12,10.22,15,0.0
10439,2004-12-02,16,9.98,16,0.0
10439,2004-12-02,64,35.02,6,0.0
10439,2004-12-02,74,32.85,30,0.0
10440,2004-10-05,2,20.22,45,0.1500000059604644
10440,2004-10-05,16,9.24,49,0.1500000059604644
10440,2004-10-05,29,129.15,24,0.1500000059604644
10440,2004-10-05,61,25.95,90,0.1500000059604644
10441,2004-10-05,27,44.25,50,0.0
10442,2004-10-06,11,30.64,30,0.0
10442,2004-10-06,54,36.42,80,0.0
10442,2004-10-06,66,19.48,60,0.0
10443,2004-10-07,11,26.71,6,0.2000000029802322
10443,2004-10-07,28,43.52,12,0.0
10444,2004-11-07,17,27.0,10,0.0
10444,2004-11-07,26,30.97,15,0.0
10444,2004-11-07,35,5.7,8,0.0
10444,2004-11-07,41,9.19,30,0.0
10445,2005-08-10,39,58.57,6,0.0
10445,2005-08-10,54,35.32,15,0.0
10446,2004-10-09,19,9.26,12,0.1000000014901161
10446,2004-10-09,24,4.21,20,0.1000000014901161
10446,2004-10-09,31,8.27,3,0.1000000014901161
10446,2004-10-09,52,76.76,15,0.1000000014901161
10447,2005-05-11,19,8.53,40,0.0
10447,2005-05-11,65,10.48,35,0.0
10447,2005-05-11,71,28.54,2,0.0
10448,2004-10-12,26,32.53,6,0.0
10448,2004-10-12,40,18.65,20,0.0
10449,2004-09-15,10,6.99,14,0.0
10449,2004-09-15,52,87.98,20,0.0
10449,2004-09-15,62,29.84,35,0.0
10450,2005-05-19,10,7.64,20,0.2000000029802322
10450,2005-05-19,54,35.22,6,0.2000000029802322
10451,2005-07-16,55,40.03,120,0.1000000014901161
10451,2005-07-16,64,35.94,35,0.1000000014901161
10451,2005-07-16,65,10.66,28,0.1000000014901161
10451,2005-07-16,77,12.51,55,0.1000000014901161
10452,2004-11-15,28,49.09,15,0.0
10452,2004-11-15,44,80.91,100,0.050000000745058
10453,2004-11-16,48,35.9,15,0.1000000014901161
10453,2004-11-16,70,30.43,25,0.1000000014901161
10454,2004-11-16,16,8.88,20,0.2000000029802322
10454,2004-11-16,33,27.87,20,0.2000000029802322
10454,2004-11-16,46,11.97,10,0.2000000029802322
10455,2004-11-19,39,64.89,20,0.0
10455,2004-11-19,53,62.31,50,0.0
10455,2004-11-19,61,26.75,25,0.0
10455,2004-11-19,71,27.85,30,0.0
10456,2004-11-20,21,9.19,40,0.1500000059604644
10456,2004-11-20,49,20.08,21,0.1500000059604644
10457,2004-11-20,59,7.85,36,0.0
10458,2006-11-22,26,28.21,30,0.0
10458,2006-11-22,28,48.19,30,0.0
10458,2006-11-22,43,12.64,20,0.0
10458,2006-11-22,56,40.32,15,0.0
10458,2006-11-22,71,30.04,50,0.0
10459,2005-11-21,7,39.04,16,0.050000000745058
10459,2005-11-21,46,11.98,20,0.050000000745058
10459,2005-11-21,72,12.81,40,0.0
10460,2004-11-23,68,11.83,21,0.25
10460,2004-11-23,75,7.92,4,0.25
10461,2005-06-25,21,9.86,40,0.25
10461,2005-06-25,30,27.29,28,0.25
10461,2005-06-25,55,35.24,60,0.25
10462,2004-11-26,13,27.09,1,0.0
10462,2004-11-26,23,8.5,21,0.0
10463,2007-07-02,19,9.67,21,0.0
10463,2007-07-02,42,14.86,50,0.0
10464,2006-01-28,4,22.39,16,0.2000000029802322
10464,2006-01-28,43,11.18,3,0.0
10464,2006-01-28,56,39.37,30,0.2000000029802322
10464,2006-01-28,60,5.18,20,0.0
10465,2004-12-31,24,4.41,25,0.0
10465,2004-12-31,29,133.68,18,0.1000000014901161
10465,2004-12-31,40,19.35,20,0.0
10465,2004-12-31,45,10.29,30,0.1000000014901161
10465,2004-12-31,50,15.13,25,0.0
10466,2004-10-01,11,25.73,10,0.0
10466,2004-10-01,46,11.85,5,0.0
10467,2004-10-01,24,4.6,28,0.0
10467,2004-10-01,25,13.46,12,0.0
10468,2005-02-01,30,23.55,8,0.0
10468,2005-02-01,43,11.59,15,0.0
10469,2004-10-05,2,17.56,40,0.1500000059604644
10469,2004-10-05,16,9.56,35,0.1500000059604644
10469,2004-10-05,44,68.18,2,0.1500000059604644
10470,2004-10-06,18,25.19,30,0.0
10470,2004-10-06,23,8.91,15,0.0
10470,2004-10-06,64,36.39,8,0.0
10471,2004-10-06,7,39.74,30,0.0
10471,2004-10-06,56,39.82,20,0.0
10472,2004-10-07,24,4.19,80,0.050000000745058
10472,2004-10-07,51,90.69,18,0.0
10473,2004-10-08,33,26.59,12,0.0
10473,2004-10-08,71,32.62,12,0.0
10474,2005-12-07,14,24.65,12,0.0
10474,2005-12-07,28,43.87,18,0.0
10474,2005-12-07,40,17.82,21,0.0
10474,2005-12-07,75,7.63,10,0.0
10475,2005-07-11,31,9.31,35,0.1500000059604644
10475,2005-07-11,66,17.24,60,0.1500000059604644
10475,2005-07-11,76,414.95,42,0.1500000059604644
10476,2004-10-12,55,37.64,2,0.050000000745058
10476,2004-10-12,70,26.14,12,0.0
10477,2006-12-13,1,21.11,15,0.0
10477,2006-12-13,21,9.02,21,0.25
10477,2006-12-13,39,57.1,20,0.25
10478,2005-06-15,10,6.6,20,0.050000000745058
10479,2004-10-14,38,83.07,30,0.0
10479,2004-10-14,53,65.47,28,0.0
10479,2004-10-14,59,8.22,60,0.0
10479,2004-10-14,64,34.83,30,0.0
10480,2004-10-15,47,26.01,30,0.0
10480,2004-10-15,59,8.14,12,0.0
10481,2005-02-14,49,18.95,24,0.0
10481,2005-02-14,60,5.12,40,0.0
10482,2004-10-16,40,17.59,10,0.0
10483,2005-11-18,34,8.0,35,0.050000000745058
10483,2005-11-18,77,14.07,30,0.050000000745058
10484,2006-11-20,21,9.58,14,0.0
10484,2006-11-20,40,18.4,10,0.0
10484,2006-11-20,51,90.96,3,0.0
10485,2005-06-22,2,17.44,20,0.1000000014901161
10485,2005-06-22,3,21.68,20,0.1000000014901161
10485,2005-06-22,55,35.21,30,0.1000000014901161
10485,2005-06-22,70,26.8,60,0.1000000014901161
10486,2005-07-03,11,28.38,5,0.0
10486,2005-07-03,51,96.85,25,0.0
10486,2005-07-03,74,27.49,16,0.0
10487,2004-10-21,19,9.69,5,0.0
10487,2004-10-21,26,33.4,30,0.0
10487,2004-10-21,54,33.61,24,0.25
10488,2004-10-22,59,8.8,30,0.0
10488,2004-10-22,73,1.21,20,0.2000000029802322
10489,2005-11-22,11,28.24,15,0.25
10489,2005-11-22,16,8.88,18,0.0
10490,2006-10-27,59,8.64,60,0.0
10490,2006-10-27,68,13.29,30,0.0
10490,2006-10-27,75,7.5,36,0.0
10491,2004-10-26,44,82.34,15,0.1500000059604644
10491,2004-10-26,77,14.2,7,0.1500000059604644
10492,2004-10-27,25,13.78,60,0.050000000745058
10492,2004-10-27,42,13.82,20,0.050000000745058
10493,2004-10-28,65,9.49,15,0.1000000014901161
10493,2004-10-28,66,19.93,10,0.1000000014901161
10493,2004-10-28,69,1.87,10,0.1000000014901161
10494,2004-10-28,56,35.37,30,0.0
10495,2005-07-15,23,8.33,10,0.0
10495,2005-07-15,41,10.22,20,0.0
10495,2005-07-15,77,13.12,5,0.0
10496,2005-11-28,31,8.17,20,0.050000000745058
10497,2005-11-28,56,41.39,14,0.0
10497,2005-11-28,72,11.12,25,0.0
10497,2005-11-28,77,12.12,25,0.0
10498,2004-12-02,24,4.9,14,0.0
10498,2004-12-02,40,18.0,5,0.0
10498,2004-12-02,42,15.1,30,0.0
10499,2005-01-03,28,43.64,20,0.0
10499,2005-01-03,49,19.06,25,0.0
10500,2006-01-03,15,6.43,12,0.050000000745058
10500,2006-01-03,28,46.92,8,0.050000000745058
10501,2006-07-05,54,37.79,20,0.0
10502,2005-01-05,45,10.0,21,0.0
10502,2005-01-05,53,66.83,6,0.0
10502,2005-01-05,67,63.32,30,0.0
10503,2005-01-06,14,24.91,70,0.0
10503,2005-01-06,65,9.87,20,0.0
10504,2005-01-06,2,20.5,12,0.0
10504,2005-01-06,21,10.75,12,0.0
10504,2005-01-06,53,62.32,10,0.0
10504,2005-01-06,61,26.02,25,0.0
10505,2005-01-09,62,31.36,3,0.0
10506,2005-01-10,25,14.77,18,0.1000000014901161
10506,2005-01-10,70,30.75,14,0.1000000014901161
10507,2007-07-13,43,11.41,15,0.1500000059604644
10507,2007-07-13,48,31.95,15,0.1500000059604644
10508,2005-01-11,13,24.09,10,0.0
10508,2005-01-11,39,64.02,10,0.0
10509,2006-01-11,28,49.92,3,0.0
10510,2006-02-11,29,132.34,36,0.0
10510,2006-02-11,75,7.89,36,0.1000000014901161
10511,2005-02-12,4,23.86,15,0.1500000059604644
10511,2005-02-12,7,42.48,50,0.1500000059604644
10511,2005-02-12,8,21.97,10,0.1500000059604644
10512,2006-07-17,24,4.6,10,0.1500000059604644
10512,2006-07-17,46,12.55,9,0.1500000059604644
10512,2006-07-17,47,26.65,6,0.1500000059604644
10512,2006-07-17,60,5.25,12,0.1500000059604644
10513,2007-02-17,21,9.91,40,0.2000000029802322
10513,2007-02-17,32,17.99,50,0.2000000029802322
10513,2007-02-17,61,25.57,15,0.2000000029802322
10514,2005-02-16,20,88.03,39,0.0
10514,2005-02-16,28,46.23,35,0.0
10514,2005-02-16,56,38.21,70,0.0
10514,2005-02-16,65,11.0,39,0.0
10514,2005-02-16,75,7.37,50,0.0
10515,2004-12-18,9,42.05,16,0.1500000059604644
10515,2004-12-18,16,8.68,50,0.0
10515,2004-12-18,27,41.7,120,0.0
10515,2004-12-18,33,28.01,16,0.1500000059604644
10515,2004-12-18,60,5.35,84,0.1500000059604644
10516,2005-02-18,18,27.25,25,0.1000000014901161
10516,2005-02-18,41,10.5,80,0.1000000014901161
10516,2005-02-18,42,14.57,20,0.0
10517,2005-05-21,52,85.49,6,0.0
10517,2005-05-21,59,8.3,4,0.0
10517,2005-05-21,70,31.09,6,0.0
10518,2005-02-19,24,4.33,5,0.0
10518,2005-02-19,38,76.69,15,0.0
10518,2005-02-19,44,76.81,9,0.0
10519,2005-07-15,10,7.55,16,0.050000000745058
10519,2005-07-15,56,40.73,40,0.0
10519,2005-07-15,60,5.11,10,0.050000000745058
10520,2006-03-25,24,4.68,8,0.0
10520,2006-03-25,53,56.9,5,0.0
10521,2004-12-24,35,6.24,3,0.0
10521,2004-12-24,41,9.63,10,0.0
10521,2004-12-24,68,12.78,6,0.0
10522,2004-12-25,1,21.63,40,0.2000000029802322
10522,2004-12-25,8,20.93,24,0.0
10522,2004-12-25,30,25.88,20,0.2000000029802322
10522,2004-12-25,40,18.25,25,0.2000000029802322
10523,2005-12-25,17,24.45,25,0.1000000014901161
10523,2005-12-25,20,83.94,15,0.1000000014901161
10523,2005-12-25,37,4.03,18,0.1000000014901161
10523,2005-12-25,41,10.4,6,0.1000000014901161
10524,2004-08-28,10,7.49,2,0.0
10524,2004-08-28,30,27.25,10,0.0
10524,2004-08-28,43,13.0,60,0.0
10524,2004-08-28,54,34.23,15,0.0
10525,2005-03-29,36,7.31,30,0.0
10525,2005-03-29,40,18.46,15,0.1000000014901161
10526,2005-03-02,1,19.53,8,0.1500000059604644
10526,2005-03-02,13,26.24,10,0.0
10526,2005-03-02,56,41.69,30,0.1500000059604644
10527,2007-03-03,4,23.53,15,0.1000000014901161
10527,2007-03-03,36,8.4,30,0.1000000014901161
10528,2004-12-01,11,29.37,3,0.0
10528,2004-12-01,33,27.23,8,0.2000000029802322
10528,2004-12-01,72,10.66,9,0.0
10529,2007-07-05,55,36.97,14,0.0
10529,2007-07-05,68,13.73,20,0.0
10529,2007-07-05,69,2.06,10,0.0
10530,2005-07-05,17,24.2,40,0.0
10530,2005-07-05,43,10.91,25,0.0
10530,2005-07-05,61,27.71,20,0.0
10530,2005-07-05,76,391.15,50,0.0
10531,2007-03-06,59,7.9,2,0.0
10532,2007-03-07,30,24.66,15,0.0
10532,2007-03-07,66,18.72,24,0.0
10533,2005-03-09,4,20.21,15,0.050000000745058
10533,2005-03-09,72,11.03,24,0.0
10533,2005-03-09,73,1.02,24,0.050000000745058
10534,2005-07-09,30,26.31,10,0.0
10534,2005-07-09,40,18.48,10,0.2000000029802322
10534,2005-07-09,54,36.95,10,0.2000000029802322
10535,2005-06-10,11,28.3,50,0.1000000014901161
10535,2005-06-10,40,19.4,10,0.1000000014901161
10535,2005-06-10,57,20.38,5,0.1000000014901161
10535,2005-06-10,59,7.66,15,0.1000000014901161
10536,2007-01-10,12,9.7,15,0.25
10536,2007-01-10,31,8.91,20,0.0
10536,2007-01-10,33,23.08,30,0.0
10536,2007-01-10,60,4.87,35,0.25
10537,2004-12-09,31,8.0,30,0.0
10537,2004-12-09,51,92.14,6,0.0
10537,2004-12-09,58,52.17,20,0.0
10537,2004-12-09,72,11.12,21,0.0
10537,2004-12-09,73,1.04,9,0.0
10538,2007-02-10,70,30.36,7,0.0
10538,2007-02-10,72,11.58,1,0.0
10539,2005-03-13,13,24.89,8,0.0
10539,2005-03-13,21,10.91,15,0.0
10539,2005-03-13,33,27.64,15,0.0
10539,2005-03-13,49,20.9,6,0.0
10540,2004-11-14,3,19.1,60,0.0
10540,2004-11-14,26,34.21,40,0.0
10540,2004-11-14,38,84.24,30,0.0
10540,2004-11-14,68,13.04,35,0.0
10541,2005-04-16,24,4.22,35,0.1000000014901161
10541,2005-04-16,38,77.46,4,0.1000000014901161
10541,2005-04-16,65,9.25,36,0.1000000014901161
10541,2005-04-16,71,27.71,9,0.1000000014901161
10542,2005-04-17,11,28.21,15,0.050000000745058
10542,2005-04-17,54,32.62,24,0.050000000745058
10543,2004-11-16,12,10.4,30,0.1500000059604644
10543,2004-11-16,23,9.6,70,0.1500000059604644
10544,2005-04-18,28,43.45,7,0.0
10544,2005-04-18,67,64.8,7,0.0
10545,2005-04-19,11,26.37,10,0.0
10546,2004-11-18,7,43.46,10,0.0
10546,2004-11-18,35,6.06,30,0.0
10546,2004-11-18,62,29.51,40,0.0
10547,2006-01-17,32,17.84,24,0.1500000059604644
10547,2006-01-17,36,8.58,60,0.0
10548,2007-01-22,34,8.73,10,0.25
10548,2007-01-22,41,10.48,14,0.0
10549,2006-11-23,31,7.7,55,0.1500000059604644
10549,2006-11-23,45,9.43,100,0.1500000059604644
10549,2006-11-23,51,97.66,48,0.1500000059604644
10550,2006-05-24,17,25.64,8,0.1000000014901161
10550,2006-05-24,19,9.52,10,0.0
10550,2006-05-24,21,9.5,6,0.1000000014901161
10550,2006-05-24,61,25.65,10,0.1000000014901161
10551,2004-11-23,16,8.51,40,0.1500000059604644
10551,2004-11-23,35,5.66,20,0.1500000059604644
10551,2004-11-23,44,68.49,40,0.0
10552,2005-05-26,69,1.92,18,0.0
10552,2005-05-26,75,7.16,30,0.0
10553,2004-11-25,11,30.29,15,0.0
10553,2004-11-25,16,9.13,14,0.0
10553,2004-11-25,22,3.28,24,0.0
10553,2004-11-25,31,8.27,30,0.0
10553,2004-11-25,35,6.25,6,0.0
10554,2006-12-26,16,9.81,30,0.050000000745058
10554,2006-12-26,23,9.42,20,0.050000000745058
10554,2006-12-26,62,26.8,20,0.050000000745058
10554,2006-12-26,77,13.62,10,0.050000000745058
10555,2004-12-28,14,21.46,30,0.2000000029802322
10555,2004-12-28,19,8.5,35,0.2000000029802322
10555,2004-12-28,24,4.1,18,0.2000000029802322
10555,2004-12-28,51,101.71,20,0.2000000029802322
10555,2004-12-28,56,39.9,40,0.2000000029802322
10556,2004-12-29,72,11.72,24,0.0
10557,2007-06-01,64,36.15,30,0.0
10557,2007-06-01,75,7.88,20,0.0
10558,2005-05-01,47,24.76,25,0.0
10558,2005-05-01,51,91.43,20,0.0
10558,2005-05-01,52,85.14,30,0.0
10558,2005-05-01,53,56.33,18,0.0
10558,2005-05-01,73,0.99,3,0.0
10559,2004-09-02,41,8.72,12,0.050000000745058
10559,2004-09-02,55,38.96,18,0.050000000745058
10560,2005-05-03,30,25.62,20,0.0
10560,2005-05-03,62,31.2,15,0.25
10561,2005-07-03,44,68.89,10,0.0
10561,2005-07-03,51,100.85,50,0.0
10562,2005-06-06,33,26.32,20,0.1000000014901161
10562,2005-06-06,62,29.12,10,0.1000000014901161
10563,2005-06-07,36,8.08,25,0.0
10563,2005-06-07,52,81.27,70,0.0
10564,2004-08-07,17,25.14,16,0.050000000745058
10564,2004-08-07,31,7.7,6,0.050000000745058
10564,2004-08-07,55,35.45,25,0.050000000745058
10565,2005-06-08,24,4.43,25,0.1000000014901161
10565,2005-06-08,64,35.24,18,0.1000000014901161
10566,2005-06-09,11,26.2,35,0.1500000059604644
10566,2005-06-09,18,26.36,18,0.1500000059604644
10566,2005-06-09,76,398.63,10,0.0
10567,2004-12-27,31,8.67,60,0.2000000029802322
10567,2004-12-27,51,108.02,3,0.0
10567,2004-12-27,59,8.06,40,0.2000000029802322
10568,2005-06-10,10,6.49,5,0.0
10569,2005-08-13,31,8.53,35,0.2000000029802322
10569,2005-08-13,76,374.33,30,0.0
10570,2006-01-11,11,30.78,15,0.050000000745058
10570,2006-01-11,56,40.17,60,0.050000000745058
10571,2006-01-11,14,21.99,11,0.1500000059604644
10571,2006-01-11,42,13.54,28,0.1500000059604644
10572,2006-01-12,16,9.98,12,0.1000000014901161
10572,2006-01-12,32,20.36,10,0.1000000014901161
10572,2006-01-12,40,19.43,50,0.0
10572,2006-01-12,75,8.32,15,0.1000000014901161
10573,2006-01-13,17,24.37,18,0.0
10573,2006-01-13,34,7.38,40,0.0
10573,2006-01-13,53,65.61,25,0.0
10574,2006-07-15,33,27.65,14,0.0
10574,2006-07-15,40,19.29,2,0.0
10574,2006-07-15,62,30.03,10,0.0
10574,2006-07-15,64,35.48,6,0.0
10575,2006-05-16,59,9.34,12,0.0
10575,2006-05-16,63,19.71,6,0.0
10575,2006-05-16,72,11.17,30,0.0
10575,2006-05-16,76,406.08,10,0.0
10576,2006-01-17,1,21.94,10,0.0
10576,2006-01-17,31,8.25,20,0.0
10576,2006-01-17,44,76.76,21,0.0
10577,2006-01-17,39,62.72,10,0.0
10577,2006-01-17,75,8.36,20,0.0
10577,2006-01-17,77,11.95,18,0.0
10578,2006-05-20,35,6.47,20,0.0
10578,2006-05-20,57,19.63,6,0.0
10579,2006-01-19,15,7.09,10,0.0
10579,2006-01-19,75,7.87,21,0.0
10580,2006-01-20,14,23.07,15,0.050000000745058
10580,2006-01-20,41,9.74,9,0.050000000745058
10580,2006-01-20,65,9.28,30,0.050000000745058
10581,2006-01-20,75,7.79,50,0.2000000029802322
10582,2006-04-23,57,17.66,4,0.0
10582,2006-04-23,76,394.52,14,0.0
10583,2006-01-24,29,115.76,10,0.0
10583,2006-01-24,60,5.12,24,0.1500000059604644
10583,2006-01-24,69,1.93,10,0.1500000059604644
10584,2006-01-24,31,9.15,50,0.050000000745058
10585,2006-06-27,47,25.04,15,0.0
10586,2006-06-28,52,81.61,4,0.1500000059604644
10587,2006-01-26,26,33.29,6,0.0
10587,2006-01-26,35,6.42,20,0.0
10587,2006-01-26,77,12.32,20,0.0
10588,2006-01-27,18,26.3,40,0.2000000029802322
10588,2006-01-27,42,13.91,100,0.2000000029802322
10589,2006-01-28,35,6.08,4,0.0
10590,2006-01-31,1,20.18,20,0.0
10590,2006-01-31,77,14.06,60,0.050000000745058
10591,2006-05-03,3,19.48,14,0.0
10591,2006-05-03,7,38.56,10,0.0
10591,2006-05-03,54,37.02,50,0.0
10592,2006-07-04,15,5.92,25,0.050000000745058
10592,2006-07-04,26,28.86,5,0.050000000745058
10593,2006-07-05,20,83.19,21,0.2000000029802322
10593,2006-07-05,69,1.96,20,0.2000000029802322
10593,2006-07-05,76,418.95,4,0.2000000029802322
10594,2006-07-05,52,81.84,24,0.0
10594,2006-07-05,58,45.63,30,0.0
10595,2006-02-03,35,5.86,30,0.25
10595,2006-02-03,61,25.98,120,0.25
10595,2006-02-03,69,1.8,65,0.25
10596,2006-02-04,56,35.91,5,0.2000000029802322
10596,2006-02-04,63,18.86,24,0.2000000029802322
10596,2006-02-04,75,7.47,30,0.2000000029802322
10597,2005-08-08,24,4.92,35,0.2000000029802322
10597,2005-08-08,57,18.18,20,0.0
10597,2005-08-08,65,9.48,12,0.2000000029802322
10598,2006-02-07,27,41.49,50,0.0
10598,2006-02-07,71,28.44,9,0.0
10599,2006-02-08,62,30.51,10,0.0
10600,2006-07-12,54,35.36,4,0.0
10600,2006-07-12,73,1.17,30,0.0
10601,2006-02-09,13,23.7,60,0.0
10601,2006-02-09,59,8.66,35,0.0
10602,2006-02-10,77,13.09,5,0.25
10603,2006-02-11,22,3.33,48,0.0
10603,2006-02-11,49,19.33,25,0.050000000745058
10604,2006-06-14,48,33.41,6,0.1000000014901161
10604,2006-06-14,76,369.84,10,0.1000000014901161
10605,2006-02-14,16,9.46,30,0.050000000745058
10605,2006-02-14,59,7.95,20,0.050000000745058
10605,2006-02-14,60,5.44,70,0.050000000745058
10605,2006-02-14,71,32.29,15,0.050000000745058
10606,2006-07-18,4,22.86,20,0.2000000029802322
10606,2006-07-18,55,41.77,20,0.2000000029802322
10606,2006-07-18,62,29.31,10,0.2000000029802322
10607,2006-01-16,7,36.21,45,0.0
10607,2006-01-16,17,24.36,100,0.0
10607,2006-01-16,33,24.3,14,0.0
10607,2006-01-16,40,16.67,42,0.0
10607,2006-01-16,72,12.55,12,0.0
10608,2006-02-16,56,41.26,28,0.0
10609,2006-01-18,1,18.5,3,0.0
10609,2006-01-18,10,6.57,10,0.0
10609,2006-01-18,21,10.69,6,0.0
10610,2006-02-18,36,7.58,21,0.25
10611,2006-02-18,1,19.75,6,0.0
10611,2006-02-18,2,20.55,10,0.0
10611,2006-02-18,60,5.28,15,0.0
10612,2005-10-22,10,7.1,70,0.0
10612,2005-10-22,36,7.29,55,0.0
10612,2005-10-22,49,18.0,18,0.0
10612,2005-10-22,60,4.57,40,0.0
10612,2005-10-22,76,400.94,80,0.0
10613,2006-02-22,13,27.4,8,0.1000000014901161
10613,2006-02-22,75,8.52,40,0.0
10614,2006-02-22,11,26.11,14,0.0
10614,2006-02-22,21,10.92,8,0.0
10614,2006-02-22,39,59.61,5,0.0
10615,2006-06-26,55,41.85,5,0.0
10616,2006-02-24,38,75.67,15,0.050000000745058
10616,2006-02-24,56,40.11,14,0.0
10616,2006-02-24,70,26.44,15,0.050000000745058
10616,2006-02-24,71,30.29,15,0.050000000745058
10617,2006-02-24,59,8.75,30,0.1500000059604644
10618,2006-03-28,6,3.87,70,0.0
10618,2006-03-28,56,41.6,20,0.0
10618,2006-03-28,68,12.33,15,0.0
10619,2006-02-28,21,9.14,42,0.0
10619,2006-02-28,22,3.27,40,0.0
10620,2005-09-29,24,4.41,5,0.0
10620,2005-09-29,52,83.08,5,0.0
10621,2006-03-01,19,9.89,5,0.0
10621,2006-03-01,23,9.64,10,0.0
10621,2006-03-01,70,27.34,20,0.0
10621,2006-03-01,71,32.47,15,0.0
10622,2006-03-02,2,17.76,20,0.0
10622,2006-03-02,68,12.93,18,0.2000000029802322
10623,2006-01-31,14,24.21,21,0.0
10623,2006-01-31,19,9.35,15,0.1000000014901161
10623,2006-01-31,21,10.05,25,0.1000000014901161
10623,2006-01-31,24,4.37,3,0.0
10623,2006-01-31,35,6.13,30,0.1000000014901161
10624,2006-07-03,28,44.86,10,0.0
10624,2006-07-03,29,120.95,6,0.0
10624,2006-07-03,44,82.54,10,0.0
10625,2006-07-04,14,24.25,3,0.0
10625,2006-07-04,42,14.92,5,0.0
10625,2006-07-04,60,4.87,10,0.0
10626,2006-03-07,53,63.44,12,0.0
10626,2006-03-07,60,4.95,20,0.0
10626,2006-03-07,71,33.16,20,0.0
10627,2006-03-07,62,30.72,15,0.0
10627,2006-03-07,73,1.18,35,0.1500000059604644
10628,2005-12-06,1,18.23,25,0.0
10629,2006-03-08,29,119.49,20,0.0
10629,2006-03-08,64,30.45,9,0.0
10630,2006-04-09,55,35.28,12,0.050000000745058
10630,2006-04-09,76,402.23,35,0.0
10631,2006-03-10,75,7.03,8,0.1000000014901161
10632,2006-03-10,2,19.27,30,0.050000000745058
10632,2006-03-10,33,24.88,20,0.050000000745058
10633,2005-11-09,12,9.74,36,0.1500000059604644
10633,2005-11-09,13,24.16,13,0.1500000059604644
10633,2005-11-09,26,31.91,35,0.1500000059604644
10633,2005-11-09,62,29.0,80,0.1500000059604644
10634,2006-03-11,7,36.87,35,0.0
10634,2006-03-11,18,27.63,50,0.0
10634,2006-03-11,51,100.99,15,0.0
10634,2006-03-11,75,7.54,2,0.0
10635,2006-01-12,4,23.91,10,0.1000000014901161
10635,2006-01-12,5,5.79,15,0.1000000014901161
10635,2006-01-12,22,3.23,40,0.0
10636,2006-03-15,4,20.63,25,0.0
10636,2006-03-15,58,47.63,6,0.0
10637,2006-03-15,11,26.77,10,0.0
10637,2006-03-15,50,15.85,25,0.050000000745058
10637,2006-03-15,56,36.74,60,0.050000000745058
10638,2006-03-16,45,8.86,20,0.0
10638,2006-03-16,65,10.14,21,0.0
10638,2006-03-16,72,10.77,60,0.0
10639,2006-03-16,18,24.17,8,0.0
10640,2006-03-17,69,1.84,20,0.25
10640,2006-03-17,70,27.52,15,0.25
10641,2006-03-18,2,18.58,50,0.0
10641,2006-03-18,40,19.79,60,0.0
10642,2006-03-18,21,10.59,30,0.2000000029802322
10642,2006-03-18,61,26.83,20,0.2000000029802322
10643,2006-06-21,28,46.56,15,0.25
10643,2006-06-21,39,56.32,21,0.25
10643,2006-06-21,46,11.15,2,0.25
10644,2006-03-21,18,25.96,4,0.1000000014901161
10644,2006-03-21,43,13.1,20,0.0
10644,2006-03-21,46,13.0,21,0.1000000014901161
10645,2006-03-22,18,26.26,20,0.0
10645,2006-03-22,36,7.93,15,0.0
10646,2006-05-23,1,19.45,15,0.25
10646,2006-05-23,10,6.35,18,0.25
10646,2006-05-23,71,30.0,30,0.25
10646,2006-05-23,77,13.17,35,0.25
10647,2006-03-23,19,9.04,30,0.0
10647,2006-03-23,39,63.2,20,0.0
10648,2005-12-22,22,3.51,15,0.0
10648,2005-12-22,24,4.85,15,0.1500000059604644
10649,2006-03-24,28,47.43,20,0.0
10649,2006-03-24,72,12.19,15,0.0
10650,2006-04-25,30,27.51,30,0.0
10650,2006-04-25,53,62.3,25,0.050000000745058
10650,2006-04-25,54,35.35,30,0.0
10651,2006-03-28,19,9.15,12,0.25
10651,2006-03-28,22,3.55,20,0.25
10652,2006-07-28,30,26.24,2,0.25
10652,2006-07-28,42,13.38,20,0.0
10653,2005-12-27,16,9.97,30,0.1000000014901161
10653,2005-12-27,60,4.95,20,0.1000000014901161
10654,2005-10-27,4,22.47,12,0.1000000014901161
10654,2005-10-27,39,63.54,20,0.1000000014901161
10654,2005-10-27,54,32.25,6,0.1000000014901161
10655,2006-03-30,41,10.47,20,0.2000000029802322
10656,2006-06-30,14,25.13,3,0.1000000014901161
10656,2006-06-30,44,68.02,28,0.1000000014901161
10656,2006-06-30,47,23.73,6,0.1000000014901161
10657,2006-03-31,15,6.27,50,0.0
10657,2006-03-31,41,10.21,24,0.0
10657,2006-03-31,46,12.98,45,0.0
10657,2006-03-31,47,25.32,10,0.0
10657,2006-03-31,56,40.21,45,0.0
10657,2006-03-31,60,4.82,30,0.0
10658,2006-07-01,21,9.7,60,0.0
10658,2006-07-01,40,19.9,70,0.050000000745058
10658,2006-07-01,60,4.6,55,0.050000000745058
10658,2006-07-01,77,12.76,70,0.050000000745058
10659,2005-11-29,31,8.24,20,0.050000000745058
10659,2005-11-29,40,19.45,24,0.050000000745058
10659,2005-11-29,70,26.16,40,0.050000000745058
10660,2006-04-04,20,86.55,21,0.0
10661,2006-04-05,39,65.63,3,0.2000000029802322
10661,2006-04-05,58,52.3,49,0.2000000029802322
10662,2006-04-05,68,12.91,10,0.0
10663,2006-07-06,40,19.34,30,0.050000000745058
10663,2006-07-06,42,14.76,30,0.050000000745058
10663,2006-07-06,51,96.83,20,0.050000000745058
10664,2006-05-06,10,6.85,24,0.1500000059604644
10664,2006-05-06,56,41.56,12,0.1500000059604644
10664,2006-05-06,65,9.95,15,0.1500000059604644
10665,2006-04-07,51,94.03,20,0.0
10665,2006-04-07,59,8.03,1,0.0
10665,2006-04-07,76,361.05,10,0.0
10666,2006-04-08,29,130.8,36,0.0
10666,2006-04-08,65,11.04,10,0.0
10667,2006-04-08,69,2.16,45,0.2000000029802322
10667,2006-04-08,71,31.11,14,0.2000000029802322
10668,2005-10-09,31,8.17,8,0.1000000014901161
10668,2005-10-09,55,41.2,4,0.1000000014901161
10668,2005-10-09,64,36.17,15,0.1000000014901161
10669,2006-04-11,36,8.06,30,0.0
10670,2006-04-12,23,8.59,32,0.0
10670,2006-04-12,46,12.43,60,0.0
10670,2006-04-12,67,58.73,25,0.0
10670,2006-04-12,73,1.13,50,0.0
10670,2006-04-12,75,7.38,25,0.0
10671,2006-01-11,16,10.1,10,0.0
10671,2006-01-11,62,27.35,10,0.0
10671,2006-01-11,65,10.16,12,0.0
10672,2006-04-13,38,82.9,15,0.1000000014901161
10672,2006-04-13,71,32.47,12,0.0
10673,2005-12-12,16,9.67,3,0.0
10673,2005-12-12,42,13.53,6,0.0
10673,2005-12-12,43,12.39,6,0.0
10674,2006-04-14,23,9.71,5,0.0
10675,2005-12-13,14,21.79,30,0.0
10675,2005-12-13,53,66.18,10,0.0
10675,2005-12-13,58,44.59,30,0.0
10676,2006-06-18,10,6.48,2,0.0
10676,2006-06-18,19,9.65,7,0.0
10676,2006-06-18,44,74.56,21,0.0
10677,2006-04-18,26,33.58,30,0.1500000059604644
10677,2006-04-18,33,26.51,8,0.1500000059604644
10678,2005-08-20,12,9.6,100,0.0
10678,2005-08-20,33,25.2,30,0.0
10678,2005-08-20,41,10.13,120,0.0
10678,2005-08-20,54,35.81,30,0.0
10679,2006-04-19,59,8.51,12,0.0
10680,2006-01-18,16,8.53,50,0.25
10680,2006-01-18,31,7.81,20,0.25
10680,2006-01-18,42,13.87,40,0.25
10681,2005-12-19,19,9.69,30,0.1000000014901161
10681,2005-12-19,21,9.27,12,0.1000000014901161
10681,2005-12-19,64,32.12,28,0.0
10682,2006-04-21,33,25.47,30,0.0
10682,2006-04-21,66,18.54,4,0.0
10682,2006-04-21,75,8.25,30,0.0
10683,2006-04-22,52,76.49,9,0.0
10684,2006-04-22,40,18.24,20,0.0
10684,2006-04-22,47,26.29,40,0.0
10684,2006-04-22,60,5.49,30,0.0
10685,2006-06-25,10,7.53,20,0.0
10685,2006-06-25,41,9.21,4,0.0
10685,2006-06-25,47,25.02,15,0.0
10686,2006-04-26,17,22.6,30,0.2000000029802322
10686,2006-04-26,26,29.55,15,0.0
10687,2006-04-26,9,41.17,50,0.25
10687,2006-04-26,29,132.12,10,0.0
10687,2006-04-26,36,7.74,6,0.25
10688,2005-11-25,10,7.08,18,0.1000000014901161
10688,2005-11-25,28,43.28,60,0.1000000014901161
10688,2005-11-25,34,7.99,14,0.0
10689,2005-11-25,1,18.38,35,0.25
10690,2006-04-28,56,41.05,20,0.25
10690,2006-04-28,77,13.4,30,0.25
10691,2006-01-27,1,21.3,30,0.0
10691,2006-01-27,29,120.62,40,0.0
10691,2006-01-27,43,11.44,40,0.0
10691,2006-01-27,44,74.21,24,0.0
10691,2006-01-27,62,27.63,48,0.0
10692,2005-11-27,63,19.25,20,0.0
10693,2006-05-02,9,35.3,6,0.0
10693,2006-05-02,54,37.04,60,0.1500000059604644
10693,2006-05-02,69,2.17,30,0.1500000059604644
10693,2006-05-02,73,1.18,15,0.1500000059604644
10694,2006-05-02,7,37.33,90,0.0
10694,2006-05-02,59,8.1,25,0.0
10694,2006-05-02,70,27.01,50,0.0
10695,2006-01-01,8,18.2,10,0.0
10695,2006-01-01,12,9.82,4,0.0
10695,2006-01-01,24,4.92,20,0.0
10696,2006-05-04,17,25.48,20,0.0
10696,2006-05-04,46,12.02,18,0.0
10697,2006-01-02,19,8.42,7,0.25
10697,2006-01-02,35,6.01,9,0.25
10697,2006-01-02,58,43.78,30,0.25
10697,2006-01-02,70,27.75,30,0.25
10698,2006-05-05,11,26.17,15,0.0
10698,2006-05-05,17,23.97,8,0.050000000745058
10698,2006-05-05,29,124.67,12,0.050000000745058
10698,2006-05-05,65,10.08,65,0.050000000745058
10698,2006-05-05,70,29.87,8,0.050000000745058
10699,2006-05-05,47,23.88,12,0.0
10700,2005-12-04,1,20.31,5,0.2000000029802322
10700,2005-12-04,34,8.74,12,0.2000000029802322
10700,2005-12-04,68,13.53,40,0.2000000029802322
10700,2005-12-04,71,28.72,60,0.2000000029802322
10701,2006-05-09,59,8.71,42,0.1500000059604644
10701,2006-05-09,71,32.16,20,0.1500000059604644
10701,2006-05-09,76,359.16,35,0.1500000059604644
10702,2006-07-09,3,20.16,6,0.0
10702,2006-07-09,76,428.69,15,0.0
10703,2006-05-10,2,18.56,5,0.0
10703,2006-05-10,59,8.88,35,0.0
10703,2006-05-10,73,1.09,35,0.0
10704,2006-05-10,4,24.14,6,0.0
10704,2006-05-10,24,4.58,35,0.0
10704,2006-05-10,48,29.67,24,0.0
10705,2005-12-09,31,9.15,20,0.0
10705,2005-12-09,32,19.68,4,0.0
10706,2005-12-10,16,8.96,20,0.0
10706,2005-12-10,43,11.74,24,0.0
10706,2005-12-10,59,8.53,8,0.0
10707,2006-05-12,55,41.81,21,0.0
10707,2006-05-12,57,19.11,40,0.0
10707,2006-05-12,70,29.62,28,0.1500000059604644
10708,2006-06-13,5,5.41,4,0.0
10708,2006-06-13,36,8.38,5,0.0
10709,2006-05-13,8,20.33,40,0.0
10709,2006-05-13,51,91.48,28,0.0
10709,2006-05-13,60,4.91,10,0.0
10710,2006-05-16,19,8.45,5,0.0
10710,2006-05-16,47,26.31,5,0.0
10711,2006-05-17,19,8.77,12,0.0
10711,2006-05-17,41,9.38,42,0.0
10711,2006-05-17,53,62.9,120,0.0
10712,2006-05-17,53,58.9,3,0.050000000745058
10712,2006-05-17,56,35.62,30,0.0
10713,2006-05-18,10,6.46,18,0.0
10713,2006-05-18,26,31.39,30,0.0
10713,2006-05-18,45,10.27,110,0.0
10713,2006-05-18,46,11.41,24,0.0
10714,2006-05-18,2,17.42,30,0.25
10714,2006-05-18,17,24.19,27,0.25
10714,2006-05-18,47,27.95,50,0.25
10714,2006-05-18,56,34.48,18,0.25
10714,2006-05-18,58,43.46,12,0.25
10715,2006-05-19,10,6.56,21,0.0
10715,2006-05-19,71,31.79,30,0.0
10716,2005-11-18,21,9.74,5,0.0
10716,2005-11-18,51,104.36,7,0.0
10716,2005-11-18,61,25.57,10,0.0
10717,2006-06-20,21,10.11,32,0.050000000745058
10717,2006-06-20,54,34.91,15,0.0
10717,2006-06-20,69,1.91,25,0.050000000745058
10718,2005-11-21,12,10.11,36,0.0
10718,2005-11-21,16,9.07,20,0.0
10718,2005-11-21,36,7.85,40,0.0
10718,2005-11-21,62,30.16,20,0.0
10719,2006-05-23,18,27.23,12,0.25
10719,2006-05-23,30,26.84,3,0.25
10719,2006-05-23,54,34.25,40,0.25
10720,2005-12-22,35,6.58,21,0.0
10720,2005-12-22,71,29.78,8,0.0
10721,2006-05-25,44,75.57,50,0.050000000745058
10722,2005-12-23,2,19.47,3,0.0
10722,2005-12-23,31,7.85,50,0.0
10722,2005-12-23,68,11.73,45,0.0
10722,2005-12-23,75,7.36,42,0.0
10723,2006-05-26,26,32.05,15,0.0
10724,2006-05-26,10,7.69,16,0.0
10724,2006-05-26,61,26.82,5,0.0
10725,2006-05-27,41,10.28,12,0.0
10725,2006-05-27,52,72.71,4,0.0
10725,2006-05-27,55,41.6,6,0.0
10726,2006-05-30,4,22.62,25,0.0
10726,2006-05-30,11,29.39,5,0.0
10727,2006-05-30,17,27.48,20,0.050000000745058
10727,2006-05-30,56,41.47,10,0.050000000745058
10727,2006-05-30,59,8.25,10,0.050000000745058
10728,2006-05-31,30,23.75,15,0.0
10728,2006-05-31,40,17.82,6,0.0
10728,2006-05-31,55,37.57,12,0.0
10728,2006-05-31,60,5.33,15,0.0
10729,2005-11-28,1,20.52,50,0.0
10729,2005-11-28,21,9.49,30,0.0
10729,2005-11-28,50,16.51,40,0.0
10730,2005-12-30,16,8.75,15,0.050000000745058
10730,2005-12-30,31,8.72,3,0.050000000745058
10730,2005-12-30,65,9.06,10,0.050000000745058
10731,2005-12-31,21,9.81,40,0.050000000745058
10731,2005-12-31,51,93.96,30,0.050000000745058
10732,2006-06-02,76,412.5,20,0.0
10733,2005-09-04,14,21.77,16,0.0
10733,2005-09-04,28,49.94,20,0.0
10733,2005-09-04,52,85.9,25,0.0
10734,2006-06-03,6,4.03,30,0.0
10734,2006-06-03,30,23.42,15,0.0
10734,2006-06-03,76,412.62,20,0.0
10735,2006-06-06,61,25.93,20,0.1000000014901161
10735,2006-06-06,77,12.55,2,0.1000000014901161
10736,2006-06-07,65,9.35,40,0.0
10736,2006-06-07,75,7.55,20,0.0
10737,2006-06-07,13,25.56,4,0.0
10737,2006-06-07,41,10.12,12,0.0
10738,2006-01-06,16,8.66,3,0.0
10739,2006-06-08,36,7.46,6,0.0
10739,2006-06-08,52,79.54,18,0.0
10740,2006-01-07,28,42.11,5,0.2000000029802322
10740,2006-01-07,35,6.0,35,0.2000000029802322
10740,2006-01-07,45,9.33,40,0.2000000029802322
10740,2006-01-07,56,39.64,14,0.2000000029802322
10741,2006-06-10,2,18.03,15,0.2000000029802322
10742,2005-11-08,3,19.7,20,0.0
10742,2005-11-08,60,5.35,50,0.0
10742,2005-11-08,72,11.25,35,0.0
10743,2006-06-13,46,13.03,28,0.050000000745058
10744,2006-06-13,40,19.79,50,0.2000000029802322
10745,2006-01-12,18,27.46,24,0.0
10745,2006-01-12,44,71.63,16,0.0
10745,2006-01-12,59,8.69,45,0.0
10745,2006-01-12,72,12.16,7,0.0
10746,2006-06-15,13,24.08,6,0.0
10746,2006-06-15,42,14.87,28,0.0
10746,2006-06-15,62,28.48,9,0.0
10746,2006-06-15,69,2.07,40,0.0
10747,2005-12-13,31,8.24,8,0.0
10747,2005-12-13,41,9.05,35,0.0
10747,2005-12-13,63,20.5,9,0.0
10747,2005-12-13,69,2.13,30,0.0
10748,2006-06-16,23,9.54,44,0.0
10748,2006-06-16,40,18.01,40,0.0
10748,2006-06-16,56,36.96,28,0.0
10749,2006-06-16,56,40.81,15,0.0
10749,2006-06-16,59,8.8,6,0.0
10749,2006-06-16,76,419.23,10,0.0
10750,2005-11-15,14,21.77,5,0.1500000059604644
10750,2005-11-15,45,8.82,40,0.1500000059604644
10750,2005-11-15,59,9.05,25,0.1500000059604644
10751,2006-01-18,26,30.47,12,0.1000000014901161
10751,2006-01-18,30,23.61,30,0.0
10751,2006-01-18,50,15.02,20,0.1000000014901161
10751,2006-01-18,73,1.04,15,0.0
10752,2005-12-18,1,18.02,8,0.0
10752,2005-12-18,69,2.19,3,0.0
10753,2006-06-21,45,8.97,4,0.0
10753,2006-06-21,74,32.76,5,0.0
10754,2006-06-21,40,17.21,3,0.0
10755,2006-06-22,47,27.86,30,0.25
10755,2006-06-22,56,41.56,30,0.25
10755,2006-06-22,57,20.52,14,0.25
10755,2006-06-22,69,1.99,25,0.25
10756,2005-11-21,18,25.54,21,0.2000000029802322
10756,2005-11-21,36,7.41,20,0.2000000029802322
10756,2005-11-21,68,11.6,6,0.2000000029802322
10756,2005-11-21,69,2.15,20,0.2000000029802322
10757,2005-11-21,34,7.75,30,0.0
10757,2005-11-21,59,7.82,7,0.0
10757,2005-11-21,62,27.96,30,0.0
10757,2005-11-21,64,35.35,24,0.0
10758,2005-08-25,26,28.87,20,0.0
10758,2005-08-25,52,76.32,60,0.0
10758,2005-08-25,70,30.75,40,0.0
10759,2006-06-24,32,19.85,10,0.0
10760,2006-01-25,25,12.8,12,0.25
10760,2006-01-25,27,39.8,40,0.0
10760,2006-01-25,43,12.38,30,0.25
10761,2006-06-28,25,14.23,35,0.25
10761,2006-06-28,75,7.61,18,0.0
10762,2006-06-28,39,54.7,16,0.0
10762,2006-06-28,47,23.45,30,0.0
10762,2006-06-28,51,97.95,28,0.0
10762,2006-06-28,56,36.46,60,0.0
10763,2005-11-27,21,10.59,40,0.0
10763,2005-11-27,22,3.66,6,0.0
10763,2005-11-27,24,4.37,20,0.0
10764,2006-06-29,3,20.0,20,0.1000000014901161
10764,2006-06-29,39,54.53,130,0.1000000014901161
10765,2006-06-30,65,9.57,80,0.1000000014901161
10766,2006-01-29,2,19.7,40,0.0
10766,2006-01-29,7,37.68,35,0.0
10766,2006-01-29,68,11.61,40,0.0
10767,2006-07-01,42,13.35,2,0.0
10768,2005-11-02,22,3.42,4,0.0
10768,2005-11-02,31,8.46,50,0.0
10768,2005-11-02,60,4.59,15,0.0
10768,2005-11-02,71,31.76,12,0.0
10769,2006-07-04,41,8.99,30,0.050000000745058
10769,2006-07-04,52,81.55,15,0.050000000745058
10769,2006-07-04,61,27.11,20,0.0
10769,2006-07-04,62,30.83,15,0.0
10770,2006-07-05,11,25.4,15,0.25
10771,2006-07-06,71,30.43,16,0.0
10772,2006-07-06,29,122.58,18,0.0
10772,2006-07-06,59,8.34,25,0.0
10773,2005-12-05,17,25.94,33,0.0
10773,2005-12-05,31,9.07,70,0.2000000029802322
10773,2005-12-05,75,7.36,7,0.2000000029802322
10774,2005-12-05,31,7.88,2,0.25
10774,2005-12-05,66,18.46,50,0.0
10775,2006-07-08,10,6.47,6,0.0
10775,2006-07-08,67,57.01,3,0.0
10776,2006-07-11,31,7.95,16,0.050000000745058
10776,2006-07-11,42,14.82,12,0.050000000745058
10776,2006-07-11,45,9.11,27,0.050000000745058
10776,2006-07-11,51,92.58,120,0.050000000745058
10777,2006-07-11,42,15.04,20,0.2000000029802322
10778,2006-07-12,41,9.06,10,0.0
10779,2005-12-10,16,9.6,20,0.0
10779,2005-12-10,62,30.23,20,0.0
10780,2006-07-12,70,28.74,35,0.0
10780,2006-07-12,77,12.43,15,0.0
10781,2006-07-13,54,37.83,3,0.2000000029802322
10781,2006-07-13,56,40.71,20,0.2000000029802322
10781,2006-07-13,74,29.82,35,0.0
10782,2006-01-11,31,8.19,1,0.0
10783,2006-01-12,31,8.16,10,0.0
10783,2006-01-12,38,74.45,5,0.0
10784,2006-02-11,36,7.94,30,0.0
10784,2006-02-11,39,61.32,2,0.1500000059604644
10784,2006-02-11,72,11.23,30,0.1500000059604644
10785,2006-07-14,10,6.42,10,0.0
10785,2006-07-14,75,8.04,10,0.0
10786,2006-07-15,8,18.4,30,0.2000000029802322
10786,2006-07-15,30,27.97,15,0.2000000029802322
10786,2006-07-15,75,7.0,42,0.2000000029802322
10787,2006-07-15,2,19.13,15,0.050000000745058
10787,2006-07-15,29,125.81,20,0.050000000745058
10788,2006-07-18,19,9.51,50,0.050000000745058
10788,2006-07-18,75,8.37,40,0.050000000745058
10789,2006-01-16,18,23.2,30,0.0
10789,2006-01-16,35,5.86,15,0.0
10789,2006-01-16,63,19.07,30,0.0
10789,2006-01-16,68,12.49,18,0.0
10790,2006-07-18,7,38.9,3,0.1500000059604644
10790,2006-07-18,56,36.44,20,0.1500000059604644
10791,2006-07-19,29,115.14,14,0.050000000745058
10791,2006-07-19,41,9.63,20,0.050000000745058
10792,2006-02-16,2,19.17,10,0.0
10792,2006-02-16,54,37.9,3,0.0
10792,2006-02-16,68,12.66,15,0.0
10793,2006-07-20,41,8.99,14,0.0
10793,2006-07-20,52,84.49,8,0.0
10794,2006-06-20,14,24.0,15,0.2000000029802322
10794,2006-06-20,54,33.25,6,0.2000000029802322
10795,2006-01-18,16,10.28,65,0.0
10795,2006-01-18,17,23.54,35,0.25
10796,2007-01-21,26,28.19,21,0.2000000029802322
10796,2007-01-21,44,71.39,10,0.0
10796,2007-01-21,64,36.29,35,0.2000000029802322
10796,2007-01-21,69,2.11,24,0.2000000029802322
10797,2007-07-23,11,29.21,20,0.0
10798,2006-12-22,62,28.26,2,0.0
10798,2006-12-22,72,11.8,10,0.0
10799,2007-01-22,13,23.17,20,0.1500000059604644
10799,2007-01-22,24,4.57,20,0.1500000059604644
10799,2007-01-22,59,9.09,25,0.0
10800,2007-07-24,11,29.1,50,0.1000000014901161
10800,2007-07-24,51,100.38,10,0.1000000014901161
10800,2007-07-24,54,32.35,7,0.1000000014901161
10801,2007-07-27,17,24.94,40,0.25
10801,2007-07-27,29,131.94,20,0.25
10802,2007-04-27,30,25.99,25,0.25
10802,2007-04-27,51,107.51,30,0.25
10802,2007-04-27,55,38.3,60,0.25
10802,2007-04-27,62,28.05,5,0.25
10803,2007-07-28,19,9.28,24,0.050000000745058
10803,2007-07-28,25,14.17,15,0.050000000745058
10803,2007-07-28,59,8.26,15,0.050000000745058
10804,2006-08-26,10,7.1,36,0.0
10804,2006-08-26,28,45.43,24,0.0
10804,2006-08-26,49,18.85,4,0.1500000059604644
10805,2006-10-26,34,7.7,10,0.0
10805,2006-10-26,38,84.89,10,0.0
10806,2007-07-29,2,19.06,20,0.25
10806,2007-07-29,65,9.47,2,0.0
10806,2007-07-29,74,28.83,15,0.25
10807,2007-01-27,40,20.11,1,0.0
10808,2007-07-30,56,38.88,20,0.1500000059604644
10808,2007-07-30,76,366.56,50,0.1500000059604644
10809,2007-07-30,52,72.74,20,0.0
10810,2007-07-30,13,24.76,7,0.0
10810,2007-07-30,25,13.43,5,0.0
10810,2007-07-30,70,26.49,5,0.0
10811,2007-01-29,19,9.46,15,0.0
10811,2007-01-29,23,9.9,18,0.0
10811,2007-01-29,40,17.46,30,0.0
10812,2006-11-29,31,8.85,16,0.1000000014901161
10812,2006-11-29,72,12.53,40,0.1000000014901161
10812,2006-11-29,77,13.76,20,0.0
10813,2007-07-03,2,17.45,12,0.2000000029802322
10813,2007-07-03,46,11.99,35,0.0
10814,2006-08-01,41,8.88,20,0.0
10814,2006-08-01,43,12.32,20,0.1500000059604644
10814,2006-08-01,48,33.1,8,0.1500000059604644
10814,2006-08-01,61,27.15,30,0.1500000059604644
10815,2006-08-01,33,27.96,16,0.0
10816,2007-02-01,38,88.07,30,0.050000000745058
10816,2007-02-01,62,29.64,20,0.050000000745058
10817,2007-02-01,26,29.96,40,0.1500000059604644
10817,2007-02-01,38,81.73,30,0.0
10817,2007-02-01,40,18.08,60,0.1500000059604644
10817,2007-02-01,62,27.05,25,0.1500000059604644
10818,2007-02-02,32,20.52,20,0.0
10818,2007-02-02,41,10.3,20,0.0
10819,2007-01-03,43,11.37,7,0.0
10819,2007-01-03,75,7.28,20,0.0
10820,2007-02-02,56,40.02,30,0.0
10821,2006-12-04,35,5.85,20,0.0
10821,2006-12-04,51,105.15,6,0.0
10822,2007-02-03,62,29.43,3,0.0
10822,2007-02-03,70,30.13,6,0.0
10823,2006-08-05,11,30.31,20,0.1000000014901161
10823,2006-08-05,57,20.82,15,0.0
10823,2006-08-05,59,8.91,40,0.1000000014901161
10823,2006-08-05,77,13.11,15,0.1000000014901161
10824,2006-08-05,41,8.7,12,0.0
10824,2006-08-05,70,30.99,9,0.0
10825,2007-02-04,26,28.55,12,0.0
10825,2007-02-04,53,66.44,20,0.0
10826,2007-07-10,31,8.86,35,0.0
10826,2007-07-10,57,18.73,15,0.0
10827,2006-11-08,10,6.62,15,0.0
10827,2006-11-08,39,54.38,21,0.0
10828,2006-08-09,20,81.87,5,0.0
10828,2006-08-09,38,75.48,2,0.0
10829,2006-08-09,2,20.11,10,0.0
10829,2006-08-09,8,19.77,20,0.0
10829,2006-08-09,13,26.43,10,0.0
10829,2006-08-09,60,5.38,21,0.0
10830,2006-12-09,6,3.97,6,0.0
10830,2006-12-09,39,54.37,28,0.0
10830,2006-12-09,60,5.31,30,0.0
10830,2006-12-09,68,13.17,24,0.0
10831,2007-02-09,19,10.09,2,0.0
10831,2007-02-09,35,5.64,8,0.0
10831,2007-02-09,38,85.85,8,0.0
10831,2007-02-09,43,12.66,9,0.0
10832,2006-08-10,13,25.6,3,0.2000000029802322
10832,2006-08-10,25,13.8,10,0.2000000029802322
10832,2006-08-10,44,68.14,16,0.2000000029802322
10832,2006-08-10,64,33.06,3,0.0
10833,2006-12-11,7,40.58,20,0.1000000014901161
10833,2006-12-11,31,8.83,9,0.1000000014901161
10833,2006-12-11,53,60.67,9,0.1000000014901161
10834,2007-02-10,29,133.82,8,0.050000000745058
10834,2007-02-10,30,24.37,20,0.050000000745058
10835,2006-08-11,59,8.04,15,0.0
10835,2006-08-11,77,12.3,2,0.2000000029802322
10836,2007-02-11,22,3.54,52,0.0
10836,2007-02-11,35,6.38,6,0.0
10836,2007-02-11,57,19.27,24,0.0
10836,2007-02-11,60,4.66,60,0.0
10836,2007-02-11,64,31.63,30,0.0
10837,2006-08-12,13,24.68,6,0.0
10837,2006-08-12,40,18.01,25,0.0
10837,2006-08-12,47,27.12,40,0.25
10837,2006-08-12,76,386.32,21,0.25
10838,2006-12-15,1,20.52,4,0.25
10838,2006-12-15,18,28.0,25,0.25
10838,2006-12-15,36,7.63,50,0.25
10839,2006-12-15,58,48.29,30,0.1000000014901161
10839,2006-12-15,72,12.36,15,0.1000000014901161
10840,2007-01-15,25,15.39,6,0.2000000029802322
10840,2007-01-15,39,54.21,10,0.2000000029802322
10841,2006-08-16,10,6.33,16,0.0
10841,2006-08-16,56,41.53,30,0.0
10841,2006-08-16,59,8.63,50,0.0
10841,2006-08-16,77,13.4,15,0.0
10842,2007-02-15,11,25.43,15,0.0
10842,2007-02-15,43,11.09,5,0.0
10842,2007-02-15,68,13.27,20,0.0
10842,2007-02-15,70,26.82,12,0.0
10843,2006-08-17,51,94.72,4,0.25
10844,2006-11-17,22,3.59,35,0.0
10845,2007-02-16,23,9.37,70,0.1000000014901161
10845,2007-02-16,35,6.49,25,0.1000000014901161
10845,2007-02-16,42,13.45,42,0.1000000014901161
10845,2007-02-16,58,50.24,60,0.1000000014901161
10845,2007-02-16,64,34.46,48,0.0
10846,2006-08-18,4,22.58,21,0.0
10846,2006-08-18,70,30.75,30,0.0
10846,2006-08-18,74,31.09,20,0.0
10847,2007-01-18,1,18.19,80,0.2000000029802322
10847,2007-01-18,19,9.78,12,0.2000000029802322
10847,2007-01-18,37,3.96,60,0.2000000029802322
10847,2007-01-18,45,8.75,36,0.2000000029802322
10847,2007-01-18,60,5.17,45,0.2000000029802322
10847,2007-01-18,71,29.35,55,0.2000000029802322
10848,2007-06-21,5,6.16,30,0.0
10848,2007-06-21,9,40.32,3,0.0
10849,2006-08-19,3,19.75,49,0.0
10849,2006-08-19,26,33.5,18,0.1500000059604644
10850,2006-08-19,25,13.84,20,0.1500000059604644
10850,2006-08-19,33,26.34,4,0.1500000059604644
10850,2006-08-19,70,26.89,30,0.1500000059604644
10851,2007-04-24,2,17.7,5,0.050000000745058
10851,2007-04-24,25,13.17,10,0.050000000745058
10851,2007-04-24,57,19.09,10,0.050000000745058
10851,2007-04-24,59,8.85,42,0.050000000745058
10852,2006-08-22,2,19.57,15,0.0
10852,2006-08-22,17,23.24,6,0.0
10852,2006-08-22,62,31.44,50,0.0
10853,2006-08-23,18,25.52,10,0.0
10854,2006-08-23,10,6.3,100,0.1500000059604644
10854,2006-08-23,13,27.38,65,0.1500000059604644
10855,2007-01-23,16,9.18,50,0.0
10855,2007-01-23,31,8.52,14,0.0
10855,2007-01-23,56,37.95,24,0.0
10855,2007-01-23,65,9.52,15,0.1500000059604644
10856,2006-08-24,2,19.54,20,0.0
10856,2006-08-24,42,13.4,20,0.0
10857,2007-02-23,3,19.59,30,0.0
10857,2007-02-23,26,29.58,35,0.25
10857,2007-02-23,29,121.7,10,0.25
10858,2006-08-25,7,42.86,5,0.0
10858,2006-08-25,27,43.35,10,0.0
10858,2006-08-25,70,30.56,4,0.0
10859,2006-09-25,24,4.51,40,0.25
10859,2006-09-25,54,35.86,35,0.25
10859,2006-09-25,64,35.0,30,0.25
10860,2006-08-25,51,108.47,3,0.0
10860,2006-08-25,76,364.44,20,0.0
10861,2006-12-26,17,25.39,42,0.0
10861,2006-12-26,18,23.83,20,0.0
10861,2006-12-26,21,9.19,40,0.0
10861,2006-12-26,33,26.31,35,0.0
10861,2006-12-26,62,29.35,3,0.0
10862,2006-08-26,11,27.34,25,0.0
10862,2006-08-26,52,85.44,8,0.0
10863,2007-02-28,1,20.7,20,0.1500000059604644
10863,2007-02-28,58,44.73,12,0.1500000059604644
10864,2007-01-29,35,6.32,4,0.0
10864,2007-01-29,67,64.81,15,0.0
10865,2007-01-29,38,81.14,60,0.050000000745058
10865,2007-01-29,39,62.94,80,0.050000000745058
10866,2006-10-30,2,17.65,21,0.25
10866,2006-10-30,24,4.69,6,0.25
10866,2006-10-30,30,24.09,40,0.25
10867,2007-03-01,53,65.99,3,0.0
10868,2006-09-30,26,33.32,20,0.0
10868,2006-09-30,35,6.24,30,0.0
10868,2006-09-30,49,19.47,42,0.1000000014901161
10869,2007-03-02,1,21.5,40,0.0
10869,2007-03-02,11,29.95,10,0.0
10869,2007-03-02,23,8.38,50,0.0
10869,2007-03-02,68,13.68,20,0.0
10870,2006-10-31,35,6.42,3,0.0
10870,2006-10-31,51,107.62,2,0.0
10871,2007-01-01,6,3.76,50,0.050000000745058
10871,2007-01-01,16,9.63,12,0.050000000745058
10871,2007-01-01,17,24.06,16,0.050000000745058
10872,2007-07-03,55,42.03,10,0.050000000745058
10872,2007-07-03,62,30.93,20,0.050000000745058
10872,2007-07-03,64,32.57,15,0.050000000745058
10872,2007-07-03,65,10.42,21,0.050000000745058
10873,2007-01-02,21,10.27,20,0.0
10873,2007-01-02,28,44.88,3,0.0
10874,2006-09-02,10,6.6,10,0.0
10875,2007-01-02,19,8.55,25,0.0
10875,2007-01-02,47,24.42,21,0.1000000014901161
10875,2007-01-02,49,21.62,15,0.0
10876,2007-03-07,46,12.23,21,0.0
10876,2007-03-07,64,35.86,20,0.0
10877,2007-02-04,16,10.01,30,0.25
10877,2007-02-04,18,25.78,25,0.0
10878,2007-03-08,20,81.82,20,0.050000000745058
10879,2006-09-06,40,17.53,12,0.0
10879,2006-09-06,65,10.9,10,0.0
10879,2006-09-06,76,430.53,10,0.0
10880,2006-09-06,23,8.31,30,0.2000000029802322
10880,2006-09-06,61,27.03,30,0.2000000029802322
10880,2006-09-06,70,29.17,50,0.2000000029802322
10881,2007-03-09,73,1.19,10,0.0
10882,2006-11-07,42,12.63,25,0.0
10882,2006-11-07,49,19.95,20,0.1500000059604644
10882,2006-11-07,54,35.42,32,0.1500000059604644
10883,2007-03-10,24,4.35,8,0.0
10884,2007-02-07,21,9.9,40,0.050000000745058
10884,2007-02-07,56,41.18,21,0.050000000745058
10884,2007-02-07,65,9.13,12,0.050000000745058
10885,2007-03-10,2,19.45,20,0.0
10885,2007-03-10,24,4.56,12,0.0
10885,2007-03-10,70,29.44,30,0.0
10885,2007-03-10,77,13.69,25,0.0
10886,2006-11-09,10,6.74,70,0.0
10886,2006-11-09,31,9.07,35,0.0
10886,2006-11-09,77,13.58,40,0.0
10887,2007-03-11,25,13.12,5,0.0
10888,2006-10-12,2,20.46,20,0.0
10888,2006-10-12,68,11.56,18,0.0
10889,2007-03-14,11,26.04,40,0.0
10889,2007-03-14,38,87.79,40,0.0
10890,2006-11-12,17,23.17,15,0.0
10890,2006-11-12,34,8.03,10,0.0
10890,2006-11-12,41,9.12,14,0.0
10891,2007-03-15,30,27.19,15,0.050000000745058
10892,2006-09-13,59,8.34,40,0.050000000745058
10893,2006-09-14,8,20.11,30,0.0
10893,2006-09-14,24,4.7,10,0.0
10893,2006-09-14,29,126.28,24,0.0
10893,2006-09-14,30,27.4,35,0.0
10893,2006-09-14,36,7.39,20,0.0
10894,2007-03-16,13,23.23,28,0.050000000745058
10894,2007-03-16,69,2.16,50,0.050000000745058
10894,2007-03-16,75,8.45,120,0.050000000745058
10895,2006-11-14,24,4.59,110,0.0
10895,2006-11-14,39,64.3,45,0.0
10895,2006-11-14,40,19.26,91,0.0
10895,2006-11-14,60,5.02,100,0.0
10896,2006-10-15,45,9.39,15,0.0
10896,2006-10-15,56,36.17,16,0.0
10897,2007-03-17,29,133.15,80,0.0
10897,2007-03-17,30,26.27,36,0.0
10898,2006-09-16,13,23.29,5,0.0
10899,2007-03-18,39,64.27,8,0.1500000059604644
10900,2006-09-16,70,30.76,3,0.25
10901,2007-03-21,41,8.92,30,0.0
10901,2007-03-21,71,30.67,30,0.0
10902,2006-09-19,55,42.44,30,0.1500000059604644
10902,2006-09-19,62,28.0,6,0.1500000059604644
10903,2007-03-22,13,25.74,40,0.0
10903,2007-03-22,65,10.62,21,0.0
10903,2007-03-22,68,12.77,20,0.0
10904,2006-09-20,58,44.69,15,0.0
10904,2006-09-20,62,26.7,35,0.0
10905,2006-12-20,1,19.6,20,0.050000000745058
10906,2007-03-23,61,24.22,15,0.0
10907,2006-09-21,75,7.68,14,0.0
10908,2007-03-24,7,40.38,20,0.050000000745058
10908,2007-03-24,52,78.27,14,0.050000000745058
10909,2006-12-22,7,40.47,12,0.0
10909,2006-12-22,16,9.88,15,0.0
10909,2006-12-22,41,10.09,5,0.0
10910,2007-03-24,19,8.41,12,0.0
10910,2007-03-24,49,20.27,10,0.0
10910,2007-03-24,61,27.83,5,0.0
10911,2006-12-22,1,21.93,10,0.0
10911,2006-12-22,17,24.86,12,0.0
10911,2006-12-22,67,62.39,15,0.0
10912,2007-03-24,11,25.5,40,0.25
10912,2007-03-24,29,122.27,60,0.25
10913,2006-09-22,4,23.66,30,0.25
10913,2006-09-22,33,23.27,40,0.25
10913,2006-09-22,58,51.63,15,0.0
10914,2007-03-25,71,30.03,25,0.0
10915,2006-09-23,17,27.45,10,0.0
10915,2006-09-23,33,26.27,30,0.0
10915,2006-09-23,54,37.08,10,0.0
10916,2006-11-23,16,10.11,6,0.0
10916,2006-11-23,32,20.59,6,0.0
10916,2006-11-23,57,19.08,20,0.0
10917,2006-09-26,30,26.2,1,0.0
10917,2006-09-26,60,4.69,10,0.0
10918,2007-03-04,1,19.45,60,0.25
10918,2007-03-04,60,5.01,25,0.25
10919,2006-09-26,16,10.09,24,0.0
10919,2006-09-26,25,12.73,24,0.0
10919,2006-09-26,40,20.0,20,0.0
10920,2007-03-29,50,14.87,24,0.0
10921,2006-11-27,35,5.59,10,0.0
10921,2006-11-27,63,21.36,40,0.0
10922,2007-03-29,17,23.02,15,0.0
10922,2007-03-29,24,4.75,35,0.0
10923,2007-02-26,42,13.2,10,0.2000000029802322
10923,2007-02-26,43,12.84,10,0.2000000029802322
10923,2007-02-26,67,63.97,24,0.2000000029802322
10924,2006-09-30,10,6.89,20,0.1000000014901161
10924,2006-09-30,28,46.8,30,0.1000000014901161
10924,2006-09-30,75,7.44,6,0.0
10925,2006-09-30,36,7.96,25,0.1500000059604644
10925,2006-09-30,52,84.91,12,0.1500000059604644
10926,2007-03-02,11,27.49,2,0.0
10926,2007-03-02,13,23.5,10,0.0
10926,2007-03-02,19,8.64,7,0.0
10926,2007-03-02,72,12.1,10,0.0
10927,2007-04-03,20,82.14,5,0.0
10927,2007-04-03,52,74.33,5,0.0
10927,2007-04-03,76,364.25,20,0.0
10928,2006-10-01,47,25.5,5,0.0
10928,2006-10-01,76,363.64,5,0.0
10929,2006-12-01,21,9.27,60,0.0
10929,2006-12-01,75,7.63,49,0.0
10929,2006-12-01,77,13.21,15,0.0
10930,2007-07-04,21,10.73,36,0.0
10930,2007-07-04,27,41.58,25,0.0
10930,2007-07-04,55,39.76,25,0.2000000029802322
10930,2007-07-04,58,47.85,30,0.2000000029802322
10931,2006-10-02,13,27.03,42,0.1500000059604644
10931,2006-10-02,57,19.25,30,0.0
10932,2006-12-02,16,9.49,30,0.1000000014901161
10932,2006-12-02,62,27.04,14,0.1000000014901161
10932,2006-12-02,72,11.43,16,0.0
10932,2006-12-02,75,7.82,20,0.1000000014901161
10933,2006-10-02,53,55.19,2,0.0
10933,2006-10-02,61,25.49,30,0.0
10934,2007-06-07,6,3.7,20,0.0
10935,2006-12-05,1,21.15,21,0.0
10935,2006-12-05,18,24.69,4,0.25
10935,2006-12-05,23,9.12,8,0.25
10936,2006-10-05,36,8.72,30,0.2000000029802322
10937,2006-12-06,28,49.66,8,0.0
10937,2006-12-06,34,7.71,20,0.0
10938,2007-03-08,13,22.63,20,0.25
10938,2007-03-08,43,12.67,24,0.25
10938,2007-03-08,60,5.26,49,0.25
10938,2007-03-08,71,32.27,35,0.25
10939,2006-10-06,2,17.96,10,0.1500000059604644
10939,2006-10-06,67,59.21,40,0.1500000059604644
10940,2007-04-09,7,38.57,8,0.0
10940,2007-04-09,13,23.28,20,0.0
10941,2007-03-09,31,8.02,44,0.25
10941,2007-03-09,62,27.28,30,0.25
10941,2007-03-09,68,12.82,80,0.25
10941,2007-03-09,72,12.53,50,0.0
10942,2007-01-07,49,19.71,28,0.0
10943,2006-10-07,13,24.28,15,0.0
10943,2006-10-07,22,3.49,21,0.0
10943,2006-10-07,46,12.39,15,0.0
10944,2006-10-08,11,25.9,5,0.25
10944,2006-10-08,44,72.73,18,0.25
10944,2006-10-08,56,40.4,18,0.0
10945,2007-02-07,13,27.17,20,0.0
10945,2007-02-07,31,7.9,10,0.0
10946,2007-04-10,10,6.7,25,0.0
10946,2007-04-10,24,4.63,25,0.0
10946,2007-04-10,77,13.69,40,0.0
10947,2007-04-11,59,8.28,4,0.0
10948,2006-10-09,50,16.05,9,0.0
10948,2006-10-09,51,100.76,40,0.0
10948,2006-10-09,55,38.73,4,0.0
10949,2007-07-11,6,4.05,12,0.0
10949,2007-07-11,10,6.48,30,0.0
10949,2007-07-11,17,27.36,6,0.0
10949,2007-07-11,62,27.59,60,0.0
10950,2007-07-14,4,22.86,5,0.0
10951,2006-10-12,33,23.72,15,0.050000000745058
10951,2006-10-12,41,9.54,6,0.050000000745058
10951,2006-10-12,75,7.23,50,0.050000000745058
10952,2006-10-12,6,3.87,16,0.050000000745058
10952,2006-10-12,28,44.55,2,0.0
10953,2006-10-12,20,83.9,50,0.050000000745058
10953,2006-10-12,31,7.89,50,0.050000000745058
10954,2007-01-13,16,9.78,28,0.1500000059604644
10954,2007-01-13,31,8.42,25,0.1500000059604644
10954,2007-01-13,45,8.76,30,0.0
10954,2007-01-13,60,5.48,24,0.1500000059604644
10955,2006-10-13,75,7.86,12,0.2000000029802322
10956,2006-11-13,21,10.01,12,0.0
10956,2006-11-13,47,23.04,14,0.0
10956,2006-11-13,51,98.18,8,0.0
10957,2006-12-14,30,27.94,30,0.0
10957,2006-12-14,35,5.94,40,0.0
10957,2006-12-14,64,34.89,8,0.0
10958,2007-01-14,5,6.17,20,0.0
10958,2007-01-14,7,38.17,6,0.0
10958,2007-01-14,72,11.65,5,0.0
10959,2006-10-14,75,7.24,20,0.1500000059604644
10960,2007-04-17,24,4.64,10,0.25
10960,2007-04-17,41,9.58,24,0.0
10961,2006-10-15,52,74.17,6,0.050000000745058
10961,2006-10-15,76,388.91,60,0.0
10962,2007-04-17,7,39.33,45,0.0
10962,2007-04-17,13,23.72,77,0.0
10962,2007-04-17,53,57.77,20,0.0
10962,2007-04-17,69,1.94,9,0.0
10962,2007-04-17,76,377.92,44,0.0
10963,2006-10-15,60,4.78,2,0.1500000059604644
10964,2007-07-18,18,25.4,6,0.0
10964,2007-07-18,38,87.28,5,0.0
10964,2007-07-18,69,2.04,10,0.0
10965,2007-04-18,51,97.07,16,0.0
10966,2006-10-16,37,4.17,8,0.0
10966,2006-10-16,56,39.12,12,0.1500000059604644
10966,2006-10-16,62,28.64,12,0.1500000059604644
10967,2007-04-21,19,9.31,12,0.0
10967,2007-04-21,49,18.67,40,0.0
10968,2006-11-19,12,9.63,30,0.0
10968,2006-11-19,24,4.27,30,0.0
10968,2006-11-19,64,30.34,4,0.0
10969,2007-04-21,46,13.07,9,0.0
10970,2006-10-20,52,76.23,40,0.2000000029802322
10971,2007-04-22,29,135.16,14,0.0
10972,2006-10-20,17,25.26,6,0.0
10972,2006-10-20,33,25.33,7,0.0
10973,2006-10-20,26,30.84,5,0.0
10973,2006-10-20,41,8.71,6,0.0
10973,2006-10-20,75,8.21,10,0.0
10974,2006-10-21,63,20.74,10,0.0
10975,2007-05-23,8,19.78,16,0.0
10975,2007-05-23,75,8.38,10,0.0
10976,2006-10-21,28,42.34,20,0.0
10977,2006-10-22,39,60.54,30,0.0
10977,2006-10-22,47,26.99,30,0.0
10977,2006-10-22,51,104.75,10,0.0
10977,2006-10-22,63,21.68,20,0.0
10978,2007-05-24,8,19.92,20,0.1500000059604644
10978,2007-05-24,21,10.02,40,0.1500000059604644
10978,2007-05-24,40,18.29,10,0.0
10978,2007-05-24,44,71.97,6,0.1500000059604644
10979,2006-12-22,7,41.68,18,0.0
10979,2006-12-22,12,10.45,20,0.0
10979,2006-12-22,24,4.12,80,0.0
10979,2006-12-22,27,40.45,30,0.0
10979,2006-12-22,31,8.65,24,0.0
10979,2006-12-22,63,19.92,35,0.0
10980,2007-05-25,75,8.01,40,0.2000000029802322
10981,2007-07-05,38,79.94,60,0.0
10982,2006-10-23,7,37.32,20,0.0
10982,2006-10-23,43,11.37,9,0.0
10983,2007-05-25,13,22.63,84,0.1500000059604644
10983,2007-05-25,57,19.56,15,0.0
10984,2006-12-26,16,10.05,55,0.0
10984,2006-12-26,24,4.64,20,0.0
10984,2006-12-26,36,8.75,40,0.0
10985,2006-12-26,16,9.38,36,0.1000000014901161
10985,2006-12-26,18,27.87,8,0.1000000014901161
10985,2006-12-26,32,20.53,35,0.1000000014901161
10986,2006-10-26,11,28.52,30,0.0
10986,2006-10-26,20,80.78,15,0.0
10986,2006-10-26,76,368.93,10,0.0
10986,2006-10-26,77,13.14,15,0.0
10987,2007-01-27,7,41.12,60,0.0
10987,2007-01-27,43,13.07,6,0.0
10987,2007-01-27,72,12.47,20,0.0
10988,2006-10-27,7,39.93,60,0.0
10988,2006-10-27,62,29.72,40,0.1000000014901161
10989,2006-10-27,6,3.99,40,0.0
10989,2006-10-27,11,25.71,15,0.0
10989,2006-10-27,41,9.34,4,0.0
10990,2006-10-28,21,10.39,65,0.0
10990,2006-10-28,34,7.49,60,0.1500000059604644
10990,2006-10-28,55,39.37,65,0.1500000059604644
10990,2006-10-28,61,28.09,66,0.1500000059604644
10991,2006-11-28,2,18.08,50,0.2000000029802322
10991,2006-11-28,70,29.84,20,0.2000000029802322
10991,2006-11-28,76,405.14,90,0.2000000029802322
10992,2006-11-28,72,12.8,2,0.0
10993,2006-10-28,29,125.88,50,0.25
10993,2006-10-28,41,10.12,35,0.25
10994,2007-05-31,59,8.21,18,0.050000000745058
10995,2006-10-29,51,99.79,20,0.0
10995,2006-10-29,60,5.21,4,0.0
10996,2006-10-29,42,14.21,40,0.0
10997,2007-07-01,32,20.33,50,0.0
10997,2007-07-01,46,12.62,20,0.25
10997,2007-07-01,52,75.37,20,0.25
10998,2006-10-30,24,4.13,12,0.0
10998,2006-10-30,61,29.11,7,0.0
10998,2006-10-30,74,31.66,20,0.0
10998,2006-10-30,75,7.69,30,0.0
10999,2007-07-01,41,9.5,20,0.050000000745058
10999,2007-07-01,51,98.47,15,0.050000000745058
10999,2007-07-01,77,12.04,21,0.050000000745058
11000,2007-01-02,4,20.39,25,0.25
11000,2007-01-02,24,4.34,30,0.25
11000,2007-01-02,77,12.42,30,0.0
11001,2007-07-04,7,42.81,60,0.0
11001,2007-07-04,22,3.82,25,0.0
11001,2007-07-04,46,13.14,25,0.0
11001,2007-07-04,55,36.25,6,0.0
11002,2006-09-02,13,25.34,56,0.0
11002,2006-09-02,35,5.8,15,0.1500000059604644
11002,2006-09-02,42,12.86,24,0.1500000059604644
11002,2006-09-02,55,42.23,40,0.0
11003,2006-11-02,1,19.0,4,0.0
11003,2006-11-02,40,16.78,10,0.0
11003,2006-11-02,52,80.1,10,0.0
11004,2007-05-05,26,29.68,6,0.0
11004,2007-05-05,76,396.24,6,0.0
11005,2006-12-03,1,19.0,2,0.0
11005,2006-12-03,59,8.85,10,0.0
11006,2007-01-03,1,21.94,8,0.0
11006,2007-01-03,29,131.15,2,0.25
11007,2007-05-06,8,20.55,30,0.0
11007,2007-05-06,29,134.41,10,0.0
11007,2007-05-06,42,14.79,14,0.0
11008,2006-11-04,28,42.49,70,0.050000000745058
11008,2006-11-04,34,8.16,90,0.050000000745058
11008,2006-11-04,71,29.4,21,0.0
11009,2006-11-04,24,4.18,12,0.0
11009,2006-11-04,36,8.38,18,0.25
11009,2006-11-04,60,5.2,9,0.0
11010,2006-11-05,7,43.94,20,0.0
11010,2006-11-05,24,4.47,10,0.0
11011,2007-06-07,58,45.98,40,0.050000000745058
11011,2007-06-07,71,31.72,20,0.0
11012,2006-11-05,19,9.01,50,0.050000000745058
11012,2006-11-05,60,4.57,36,0.050000000745058
11012,2006-11-05,71,30.4,60,0.050000000745058
11013,2006-11-05,23,9.14,10,0.0
11013,2006-11-05,42,14.79,4,0.0
11013,2006-11-05,45,8.97,20,0.0
11013,2006-11-05,68,12.51,2,0.0
11014,2006-11-06,41,10.18,28,0.1000000014901161
11015,2006-11-06,30,28.36,15,0.0
11015,2006-11-06,77,11.8,18,0.0
11016,2006-11-06,31,8.19,15,0.0
11016,2006-11-06,36,8.66,16,0.0
11017,2007-07-11,3,21.53,25,0.0
11017,2007-07-11,59,8.49,110,0.0
11017,2007-07-11,70,31.76,30,0.0
11018,2007-02-08,12,9.71,20,0.0
11018,2007-02-08,18,27.56,10,0.0
11018,2007-02-08,56,36.02,5,0.0
11019,2007-01-09,46,11.35,3,0.0
11019,2007-01-09,49,21.77,2,0.0
11020,2006-08-10,10,7.14,24,0.1500000059604644
11021,2006-11-10,2,17.8,11,0.25
11021,2006-11-10,20,74.28,15,0.0
11021,2006-11-10,26,30.18,63,0.0
11021,2006-11-10,51,101.27,44,0.25
11021,2006-11-10,72,12.61,35,0.0
11022,2007-06-12,19,9.61,35,0.0
11022,2007-06-12,69,2.07,30,0.0
11023,2006-11-10,7,40.3,4,0.0
11023,2006-11-10,43,11.91,30,0.0
11024,2006-11-11,26,33.44,12,0.0
11024,2006-11-11,33,23.58,30,0.0
11024,2006-11-11,65,9.38,21,0.0
11024,2006-11-11,71,28.6,50,0.0
11025,2006-12-11,1,19.55,10,0.1000000014901161
11025,2006-12-11,13,25.4,20,0.1000000014901161
11026,2006-12-11,18,26.86,8,0.0
11026,2006-12-11,51,92.98,10,0.0
11027,2006-11-12,24,4.79,30,0.25
11027,2006-11-12,62,28.76,21,0.25
11028,2007-07-14,55,36.77,35,0.0
11028,2007-07-14,59,8.63,24,0.0
11029,2006-12-12,56,38.16,20,0.0
11029,2006-12-12,63,18.14,12,0.0
11030,2006-11-13,2,19.42,100,0.25
11030,2006-11-13,5,6.06,70,0.0
11030,2006-11-13,29,134.33,60,0.25
11030,2006-11-13,59,7.84,100,0.25
11031,2006-11-13,1,21.45,45,0.0
11031,2006-11-13,13,27.29,80,0.0
11031,2006-11-13,24,4.52,21,0.0
11031,2006-11-13,64,32.4,20,0.0
11031,2006-11-13,71,28.77,16,0.0
11032,2006-12-13,36,7.48,35,0.0
11032,2006-12-13,38,85.56,25,0.0
11032,2006-12-13,59,7.78,30,0.0
11033,2006-12-13,53,55.35,70,0.1000000014901161
11033,2006-12-13,69,2.15,36,0.1000000014901161
11034,2006-11-16,21,10.84,15,0.1000000014901161
11034,2006-11-16,44,73.29,12,0.0
11034,2006-11-16,61,24.26,6,0.0
11035,2007-05-18,1,19.55,10,0.0
11035,2007-05-18,35,6.11,60,0.0
11035,2007-05-18,42,13.32,30,0.0
11035,2007-05-18,54,37.3,10,0.0
11036,2006-12-16,13,25.01,7,0.0
11036,2006-12-16,59,8.26,30,0.0
11037,2006-11-17,70,29.0,4,0.0
11038,2006-11-17,40,17.77,5,0.2000000029802322
11038,2006-11-17,52,77.61,2,0.0
11038,2006-11-17,71,32.06,30,0.0
11039,2006-11-17,28,47.9,20,0.0
11039,2006-11-17,35,6.16,24,0.0
11039,2006-11-17,49,18.6,60,0.0
11039,2006-11-17,57,20.56,28,0.0
11040,2006-12-18,21,10.46,20,0.0
11041,2006-11-18,2,20.12,30,0.2000000029802322
11041,2006-11-18,63,20.35,30,0.0
11042,2006-11-18,44,75.41,15,0.0
11042,2006-11-18,61,28.54,4,0.0
11043,2006-11-18,11,28.28,10,0.0
11044,2006-12-19,62,26.4,12,0.0
11045,2006-11-19,33,25.02,15,0.0
11045,2006-11-19,51,102.55,24,0.0
11046,2007-01-19,12,9.32,20,0.050000000745058
11046,2007-01-19,32,20.85,15,0.050000000745058
11046,2007-01-19,35,6.31,18,0.050000000745058
11047,2007-07-22,1,19.31,25,0.25
11047,2007-07-22,5,5.96,30,0.25
11048,2006-11-20,68,11.52,42,0.0
11049,2007-02-19,2,18.7,10,0.2000000029802322
11049,2007-02-19,12,9.22,4,0.2000000029802322
11050,2007-05-25,76,383.81,50,0.1000000014901161
11051,2006-11-23,24,4.14,10,0.2000000029802322
11052,2006-12-23,43,11.92,30,0.2000000029802322
11052,2006-12-23,61,27.92,10,0.2000000029802322
11053,2006-11-23,18,25.45,35,0.2000000029802322
11053,2006-11-23,32,20.56,20,0.0
11053,2006-11-23,64,36.14,25,0.2000000029802322
11054,2006-11-24,33,23.84,10,0.0
11054,2006-11-24,67,54.53,20,0.0
11055,2006-11-24,24,4.49,15,0.0
11055,2006-11-24,25,12.62,15,0.0
11055,2006-11-24,51,97.08,20,0.0
11055,2006-11-24,57,19.37,20,0.0
11056,2006-08-24,7,42.15,40,0.0
11056,2006-08-24,55,39.07,35,0.0
11056,2006-08-24,60,5.38,50,0.0
11057,2006-11-25,70,28.7,3,0.0
11058,2006-11-25,21,10.3,3,0.0
11058,2006-11-25,60,5.48,21,0.0
11058,2006-11-25,61,26.97,4,0.0
11059,2006-12-25,13,27.08,30,0.0
11059,2006-12-25,17,26.8,12,0.0
11059,2006-12-25,60,5.19,35,0.0
11060,2006-11-26,60,4.96,4,0.0
11060,2006-11-26,77,13.11,10,0.0
11061,2006-11-26,60,5.27,15,0.0
11062,2006-12-26,53,61.54,10,0.2000000029802322
11062,2006-12-26,70,27.68,12,0.2000000029802322
11063,2006-11-26,34,8.06,30,0.0
11063,2006-11-26,40,19.96,40,0.1000000014901161
11063,2006-11-26,41,9.62,30,0.1000000014901161
11064,2006-12-27,17,26.89,77,0.1000000014901161
11064,2006-12-27,41,10.23,12,0.0
11064,2006-12-27,53,61.21,25,0.1000000014901161
11064,2006-12-27,55,39.76,4,0.1000000014901161
11064,2006-12-27,68,11.41,55,0.0
11065,2007-06-29,30,24.6,4,0.25
11065,2007-06-29,54,37.69,20,0.25
11066,2006-11-27,16,9.36,3,0.0
11066,2006-11-27,19,9.81,42,0.0
11066,2006-11-27,34,7.59,35,0.0
11067,2006-12-02,41,9.34,9,0.0
11068,2006-12-03,28,46.86,8,0.1500000059604644
11068,2006-12-03,43,11.21,36,0.1500000059604644
11068,2006-12-03,77,13.89,28,0.1500000059604644
11069,2006-12-05,39,58.26,20,0.0
11070,2006-12-09,1,18.57,40,0.1500000059604644
11070,2006-12-09,2,20.17,20,0.1500000059604644
11070,2006-12-09,16,8.76,30,0.1500000059604644
11070,2006-12-09,31,8.45,20,0.0
11071,2007-06-12,7,42.5,15,0.050000000745058
11071,2007-06-12,13,26.07,10,0.050000000745058
11072,2006-12-12,2,20.2,8,0.0
11072,2006-12-12,41,10.4,40,0.0
11072,2006-12-12,50,15.81,22,0.0
11072,2006-12-12,64,32.54,130,0.0
11073,2006-12-05,11,28.93,10,0.0
11073,2006-12-05,24,4.6,20,0.0
11074,2006-12-06,16,9.72,14,0.050000000745058
11075,2007-06-11,2,17.1,10,0.1500000059604644
11075,2007-06-11,46,13.18,30,0.1500000059604644
11075,2007-06-11,76,379.05,2,0.1500000059604644
11076,2006-12-18,6,3.82,20,0.25
11076,2006-12-18,14,24.93,20,0.25
11076,2006-12-18,19,9.78,10,0.25
11077,2007-07-03,2,18.93,24,0.2000000029802322
11077,2007-07-03,3,21.85,4,0.0
11077,2007-07-03,4,23.6,3,0.0
11077,2007-07-03,6,4.39,50,0.0199999995529651
11077,2007-07-03,7,40.04,15,0.050000000745058
11077,2007-07-03,8,21.61,5,0.1000000014901161
11077,2007-07-03,10,6.57,15,0.0
11077,2007-07-03,12,10.73,10,0.050000000745058
11077,2007-07-03,13,26.43,10,0.0
11077,2007-07-03,14,24.74,50,0.0299999993294477
11077,2007-07-03,16,10.35,25,0.0299999993294477
11077,2007-07-03,20,79.83,15,0.0399999991059303
11077,2007-07-03,23,9.47,14,0.0
11077,2007-07-03,32,18.98,10,0.0
11077,2007-07-03,39,55.1,10,0.050000000745058
11077,2007-07-03,41,8.72,8,0.0
11077,2007-07-03,46,11.63,8,0.0199999995529651
11077,2007-07-03,52,82.83,8,0.0
11077,2007-07-03,55,42.11,5,0.0
11077,2007-07-03,60,5.33,8,0.0599999986588954
11077,2007-07-03,64,34.09,15,0.0299999993294477
11077,2007-07-03,66,20.35,8,0.0
11077,2007-07-03,73,1.21,5,0.0099999997764825
11077,2007-07-03,75,8.19,14,0.0
11077,2007-07-03,77,11.98,10,0.0
11078,2006-08-25,2,18.9,10,0.050000000745058
11078,2006-08-25,3,19.5,25,0.050000000745058
11079,2006-11-14,13,25.5,10,0.050000000745058
11079,2006-11-14,57,19.0,15,0.0
11080,2006-12-26,14,23.0,100,0.050000000745058
11081,2007-07-14,75,7.05,150,0.1000000014901161
11082,2006-10-25,3,19.55,35,0.0700000002980232
11083,2006-06-16,9,38.9,5,0.0
11083,2006-06-16,21,9.95,15,0.0
11083,2006-06-16,22,3.5,15,0.0
11083,2006-06-16,24,4.5,50,0.050000000745058
11083,2006-06-16,33,25.5,3,0.0
11083,2006-06-16,37,4.5,7,0.0
11083,2006-06-16,42,15.65,10,0.0
11083,2006-06-16,47,25.5,5,0.0
11083,2006-06-16,51,99.9,3,0.0299999993294477
11083,2006-06-16,62,24.0,5,0.0399999991059303
